{"products":[{"id":1,"name":"Intelligent Frozen Sausages","description":"Et ullam consequatur fugit impedit a. Voluptatem quidem in saepe officia reiciendis rerum.","price":"876.00","imageUrl":"https://source.unsplash.com/1600x900/?product","quantity":65063},{"id":2,"name":"Incredible Fresh Table","description":"Et incidunt quod laborum aut assumenda esse. Reiciendis vel quos labore enim et aspernatur quis omnis a. Rem ipsa eum debitis enim deserunt. Itaque necessitatibus quo accusantium et possimus et ut possimus. Ipsum et aut. Quas non voluptatem et doloribus quos delectus.","price":"407.00","imageUrl":"https://source.unsplash.com/1600x900/?product","quantity":37894},{"id":3,"name":"Tasty Granite Salad","description":"Rem odio fugiat magnam repudiandae vel eius. Omnis eos autem doloremque sit quae modi enim nostrum quidem. Qui voluptatem quaerat animi.","price":"481.00","imageUrl":"https://source.unsplash.com/1600x900/?product","quantity":17009},{"id":4,"name":"Licensed Wooden Shirt","description":"Sed beatae quo quas nulla. Voluptatibus omnis tempora quia sunt. Ex quis deserunt. Maxime autem atque ipsam earum non est consequatur. Aperiam sit quo nihil voluptas. Temporibus est asperiores eligendi beatae repellat aut.","price":"755.00","imageUrl":"https://source.unsplash.com/1600x900/?product","quantity":4436},{"id":5,"name":"Unbranded Metal Shoes","description":"Repudiandae quam magnam tempora architecto sit nostrum doloremque. Illum voluptatibus aut earum. Rerum et deserunt minus. Qui tempora voluptatum ab molestiae. Quia corporis nobis nihil ab incidunt. Doloribus autem dolorem maiores aspernatur aut.","price":"66.00","imageUrl":"https://source.unsplash.com/1600x900/?product","quantity":86165},{"id":6,"name":"Unbranded Plastic Computer","description":"Et explicabo doloribus veritatis soluta enim unde repellendus. Soluta voluptate esse unde qui dolor molestiae blanditiis aut. Fuga maiores dolorem dolor cum. Facilis hic culpa voluptas est unde. Et sapiente et quia rem reiciendis doloremque aut est. Quis tenetur nemo libero sint libero accusamus libero in consectetur.","price":"751.00","imageUrl":"https://source.unsplash.com/1600x900/?product","quantity":84455},{"id":7,"name":"Sleek Frozen Salad","description":"Voluptatem soluta laudantium dolores et quis eum. Magnam illo sit quae laboriosam iure. Culpa delectus consequatur distinctio atque minus dolorum. Est sapiente enim dolore numquam nostrum at quibusdam ratione. Id totam qui veniam cupiditate ab voluptatem assumenda.","price":"905.00","imageUrl":"https://source.unsplash.com/1600x900/?product","quantity":99709},{"id":8,"name":"Rustic Concrete Gloves","description":"Magni rerum dolorem nisi. Dolores consequatur temporibus. Aliquid assumenda sint enim consequuntur corporis qui. Non enim ut nihil nam quas ea. Dolore tenetur non praesentium. Quaerat nisi dolorum rem.","price":"355.00","imageUrl":"https://source.unsplash.com/1600x900/?product","quantity":83248},{"id":9,"name":"Practical Fresh Car","description":"Fuga error laboriosam iure. Quasi provident ducimus.","price":"477.00","imageUrl":"https://source.unsplash.com/1600x900/?product","quantity":75352},{"id":10,"name":"Rustic Wooden Mouse","description":"Et sit ut vel quia placeat placeat dolor. Consequatur in labore officiis dignissimos. Sed cum nulla. Voluptas et totam quia assumenda eaque adipisci suscipit non. In delectus repellendus voluptatem aut omnis quod id est.","price":"872.00","imageUrl":"https://source.unsplash.com/1600x900/?product","quantity":81676},{"id":11,"name":"Practical Fresh Shoes","description":"Quas quae asperiores aut nam. Eveniet cum quod soluta dicta neque quaerat. Consequatur aut fugit corporis earum quas omnis autem laudantium possimus. Harum quae ea. Suscipit iure ad.","price":"17.00","imageUrl":"https://source.unsplash.com/1600x900/?product","quantity":21918},{"id":12,"name":"Ergonomic Metal Car","description":"Enim aut inventore non. Officia magni deserunt a et. Et ipsam quo sed vero mollitia vero dolorem. Debitis eligendi atque.","price":"796.00","imageUrl":"https://source.unsplash.com/1600x900/?product","quantity":97906},{"id":13,"name":"Rustic Wooden Tuna","description":"Velit aliquam dolorem. Fugiat incidunt quia quisquam minima quis reiciendis hic minus. Labore ut sequi in qui dolores. Aut molestiae assumenda corrupti culpa ea eos aut.","price":"935.00","imageUrl":"https://source.unsplash.com/1600x900/?product","quantity":79180},{"id":14,"name":"Fantastic Granite Tuna","description":"Et sapiente eligendi asperiores sit odit nihil impedit dolores et. Voluptate a reiciendis aut vel omnis omnis. Maxime veniam sint vero tempora quae voluptates eum voluptatem eum. Tenetur voluptas eligendi aut nesciunt omnis.","price":"176.00","imageUrl":"https://source.unsplash.com/1600x900/?product","quantity":17881},{"id":15,"name":"Unbranded Wooden Hat","description":"Error totam recusandae sunt. Ut aut dolorem atque.","price":"141.00","imageUrl":"https://source.unsplash.com/1600x900/?product","quantity":4043},{"id":16,"name":"Tasty Fresh Salad","description":"Ut non odit aut iusto non. Rerum quia vel quod eius delectus dolores voluptatem sunt consequuntur. Quisquam maxime numquam et voluptatibus sed consequatur quod voluptatem eum.","price":"125.00","imageUrl":"https://source.unsplash.com/1600x900/?product","quantity":7825},{"id":17,"name":"Awesome Plastic Pizza","description":"Reprehenderit atque beatae est rerum eos molestias aliquam optio libero. Sunt voluptatem sed perferendis quos consectetur maxime sit. Natus amet voluptas suscipit saepe. Et et quaerat dolor dicta. Officia provident ut ea suscipit et quod dolore. Veniam tempora deleniti omnis exercitationem id.","price":"851.00","imageUrl":"https://source.unsplash.com/1600x900/?product","quantity":36542},{"id":18,"name":"Handmade Plastic Bike","description":"Numquam voluptatem quis assumenda qui magni quam optio est. Voluptatibus sit recusandae velit dolores. Itaque qui nesciunt voluptas ab. Magnam harum possimus dolorum sunt laborum eveniet dicta sed id.","price":"441.00","imageUrl":"https://source.unsplash.com/1600x900/?product","quantity":96935},{"id":19,"name":"Handmade Metal Mouse","description":"Voluptas voluptatibus quia molestiae voluptate commodi odit. Libero quam qui eius qui molestias non. Animi aut voluptatibus ut tempora et ut ut rerum. Enim velit quis itaque aperiam facilis. Recusandae maiores occaecati blanditiis nam expedita dolorem et.","price":"176.00","imageUrl":"https://source.unsplash.com/1600x900/?product","quantity":28877},{"id":20,"name":"Ergonomic Wooden Table","description":"Eum laboriosam minima minus autem voluptatem voluptatem. Mollitia quaerat ipsum assumenda corporis illo et fugiat quia. Non nemo dicta.","price":"753.00","imageUrl":"https://source.unsplash.com/1600x900/?product","quantity":75805},{"id":21,"name":"Practical Plastic Shoes","description":"Alias dolorem fugiat nobis ipsam quis adipisci et aut occaecati. Placeat ad quae fugit quis perspiciatis laborum aut nihil non. Ex ut doloribus et sunt excepturi repellat qui hic.","price":"626.00","imageUrl":"https://source.unsplash.com/1600x900/?product","quantity":85438},{"id":22,"name":"Rustic Granite Computer","description":"Perspiciatis veritatis amet in animi. Est et quisquam expedita est at quibusdam et eos similique. Earum ab libero ea voluptatibus perspiciatis dignissimos ut aspernatur. Doloremque sed voluptatibus sit accusantium at.","price":"645.00","imageUrl":"https://source.unsplash.com/1600x900/?product","quantity":88131},{"id":23,"name":"Rustic Steel Pants","description":"Nesciunt est odit. Tempore molestias non doloremque officia omnis molestias. Earum recusandae quisquam et animi enim ipsam fugiat libero. Et earum rerum. Velit aspernatur quidem quod. Est tenetur veniam mollitia mollitia distinctio.","price":"447.00","imageUrl":"https://source.unsplash.com/1600x900/?product","quantity":4604},{"id":24,"name":"Licensed Steel Car","description":"Iure incidunt quo ut omnis veritatis aut et. Ex doloremque exercitationem et sit minima sed quia aut qui. Nemo molestiae reiciendis porro est necessitatibus quia ut voluptatem. Est autem laboriosam inventore. Ut architecto vel quo omnis. Molestiae consectetur et expedita commodi aperiam.","price":"560.00","imageUrl":"https://source.unsplash.com/1600x900/?product","quantity":44096},{"id":25,"name":"Unbranded Granite Pants","description":"Quia quas debitis accusantium et expedita enim placeat. Ipsam qui ipsam molestiae explicabo dicta deserunt eveniet libero a.","price":"990.00","imageUrl":"https://source.unsplash.com/1600x900/?product","quantity":62746},{"id":26,"name":"Practical Fresh Chicken","description":"In maxime consectetur voluptatem soluta. Id explicabo saepe beatae aut est dolorem.","price":"951.00","imageUrl":"https://source.unsplash.com/1600x900/?product","quantity":39979},{"id":27,"name":"Refined Fresh Cheese","description":"Nobis reprehenderit et modi saepe soluta eius ut eos. Omnis ut quae aut et itaque aut explicabo eveniet eos. Officia laudantium dolor similique. Est ipsum amet magnam error omnis.","price":"45.00","imageUrl":"https://source.unsplash.com/1600x900/?product","quantity":57284},{"id":28,"name":"Unbranded Metal Pizza","description":"Non id non non rerum alias. Et enim nobis ut ut sequi quo laudantium assumenda facere.","price":"56.00","imageUrl":"https://source.unsplash.com/1600x900/?product","quantity":32136},{"id":29,"name":"Rustic Wooden Pants","description":"Voluptatem magni tenetur officiis ipsam est. Omnis rem deleniti aut eveniet harum.","price":"664.00","imageUrl":"https://source.unsplash.com/1600x900/?product","quantity":38292},{"id":30,"name":"Tasty Wooden Mouse","description":"Autem nemo illo ullam voluptas sit molestiae omnis. Voluptatibus consequatur aut sit. Numquam fugiat aut. Deleniti maxime magnam similique. Possimus dicta mollitia optio fuga dolorem placeat beatae.","price":"840.00","imageUrl":"https://source.unsplash.com/1600x900/?product","quantity":45422},{"id":31,"name":"Fantastic Soft Pants","description":"Autem corporis ipsum nam molestias. Inventore vel architecto sed repellendus. Aut cum distinctio est inventore perferendis.","price":"384.00","imageUrl":"https://source.unsplash.com/1600x900/?product","quantity":69206},{"id":32,"name":"Incredible Metal Salad","description":"Aut fuga qui quis. Nam et voluptatem.","price":"261.00","imageUrl":"https://source.unsplash.com/1600x900/?product","quantity":20228},{"id":33,"name":"Practical Steel Shirt","description":"Et ut tenetur dolores et fuga enim. Dolorum adipisci facere in.","price":"995.00","imageUrl":"https://source.unsplash.com/1600x900/?product","quantity":93689},{"id":34,"name":"Handcrafted Fresh Bike","description":"Nulla molestiae esse non perferendis quia adipisci adipisci asperiores odio. Est hic molestiae aut numquam aliquam.","price":"771.00","imageUrl":"https://source.unsplash.com/1600x900/?product","quantity":42544},{"id":35,"name":"Refined Cotton Pants","description":"Et consequatur est architecto sed amet laboriosam atque. Culpa rem magni non quam suscipit consequatur. Vel unde qui quia aspernatur.","price":"64.00","imageUrl":"https://source.unsplash.com/1600x900/?product","quantity":12461},{"id":36,"name":"Practical Cotton Computer","description":"Quasi repellat earum aliquid alias voluptate dolores officia ea. Et magnam eos repellendus repellat magnam odio fugit quia libero. Quibusdam laboriosam non fugiat qui consequatur asperiores. Voluptas qui voluptas illum autem minima harum dolorem officiis sed.","price":"198.00","imageUrl":"https://source.unsplash.com/1600x900/?product","quantity":18808},{"id":37,"name":"Handmade Frozen Bike","description":"Mollitia labore excepturi aut. Libero et voluptatem et ut. Nihil ullam ipsum eum quo consequatur aut molestiae iusto qui.","price":"590.00","imageUrl":"https://source.unsplash.com/1600x900/?product","quantity":74577},{"id":38,"name":"Handcrafted Metal Gloves","description":"Sunt iusto ut sint. Porro consequatur fuga aut suscipit quia provident velit ad.","price":"572.00","imageUrl":"https://source.unsplash.com/1600x900/?product","quantity":88979},{"id":39,"name":"Tasty Concrete Table","description":"Et maxime ullam excepturi nostrum corrupti magnam repudiandae suscipit. Eius et inventore modi corporis qui. Dolorum exercitationem quae sit voluptatibus laboriosam enim et sed. Natus assumenda voluptas. Enim eum exercitationem laboriosam est minus molestias. Consequatur voluptatem nostrum et est quia eos quas laborum dolore.","price":"982.00","imageUrl":"https://source.unsplash.com/1600x900/?product","quantity":91689},{"id":40,"name":"Handcrafted Metal Pants","description":"Quia eos ea. Atque praesentium illum officiis aut quaerat. Velit velit ut qui maiores aut. Cupiditate harum est quo dolor dicta.","price":"87.00","imageUrl":"https://source.unsplash.com/1600x900/?product","quantity":33746},{"id":41,"name":"Handcrafted Steel Bike","description":"Omnis nesciunt sit dolorem hic ipsam sed nihil voluptatem. Deserunt ratione ad reiciendis fugit quis ut. Asperiores dolor dolorum repudiandae perferendis nihil a quia incidunt atque. Laudantium necessitatibus nam voluptas.","price":"777.00","imageUrl":"https://source.unsplash.com/1600x900/?product","quantity":53843},{"id":42,"name":"Refined Rubber Mouse","description":"Debitis quisquam quisquam. Adipisci molestiae non aut. Et sunt dolor iure consequuntur at tempore nihil. Eos fugit dolores officia tempore temporibus autem quos. Repellat molestias doloribus ducimus. Id magni laudantium aut officiis voluptas.","price":"865.00","imageUrl":"https://source.unsplash.com/1600x900/?product","quantity":58025},{"id":43,"name":"Practical Granite Computer","description":"Excepturi non aspernatur. Totam quaerat qui enim officia ut omnis. Est non ipsa officiis eaque repellendus ex aut et beatae. Vel ipsam dolorum hic odit aut.","price":"313.00","imageUrl":"https://source.unsplash.com/1600x900/?product","quantity":42103},{"id":44,"name":"Generic Rubber Shirt","description":"Dolor reiciendis nam ad sit corporis dolorem. Cumque sequi sapiente ducimus magni eos iste.","price":"644.00","imageUrl":"https://source.unsplash.com/1600x900/?product","quantity":898},{"id":45,"name":"Refined Concrete Cheese","description":"Laudantium incidunt alias veritatis et optio. Enim dolores repellendus sed delectus voluptas. Est qui dignissimos sed mollitia exercitationem magnam architecto eligendi adipisci. Rerum eum est omnis commodi.","price":"950.00","imageUrl":"https://source.unsplash.com/1600x900/?product","quantity":37879},{"id":46,"name":"Gorgeous Cotton Chair","description":"Nulla occaecati fugit at molestiae et sed. Eius corporis impedit quia. Magnam magni cupiditate consequatur minus ut debitis. Delectus quidem voluptatem reprehenderit est est fugiat id. Similique ullam alias ea veritatis molestiae laboriosam ex nihil et.","price":"169.00","imageUrl":"https://source.unsplash.com/1600x900/?product","quantity":18917},{"id":47,"name":"Sleek Plastic Shirt","description":"Nemo harum dolorem aut asperiores rerum perferendis. Dolor illum sunt ea quibusdam expedita rerum enim ea voluptates. Voluptate id fuga iure totam quo dolores. Quae omnis aut inventore et.","price":"110.00","imageUrl":"https://source.unsplash.com/1600x900/?product","quantity":99847},{"id":48,"name":"Awesome Concrete Fish","description":"Omnis modi fuga sit voluptate sit. Dolorum adipisci asperiores repellat cupiditate dolores.","price":"786.00","imageUrl":"https://source.unsplash.com/1600x900/?product","quantity":69764},{"id":49,"name":"Awesome Wooden Sausages","description":"Aliquam non tempore laborum nesciunt perferendis aut. Aliquid labore natus vitae quas temporibus hic voluptatem tempora temporibus. Laboriosam consequatur nam corporis qui aut molestias. Veritatis eligendi id rem occaecati fugit ut perferendis. Quia et nostrum aliquam.","price":"429.00","imageUrl":"https://source.unsplash.com/1600x900/?product","quantity":94578},{"id":50,"name":"Licensed Wooden Tuna","description":"Sed ut nihil sint aliquid ut omnis nostrum illum a. Laudantium hic voluptatem quia eius dolorem molestias. Ut ipsa perferendis aut aliquid dolor aut. Est incidunt et. Non voluptatem repellat consequuntur.","price":"375.00","imageUrl":"https://source.unsplash.com/1600x900/?product","quantity":52957},{"id":51,"name":"Awesome Soft Mouse","description":"Itaque provident placeat qui ut. Amet laudantium id. Deleniti asperiores nesciunt dicta quis tenetur.","price":"166.00","imageUrl":"https://source.unsplash.com/1600x900/?product","quantity":22718},{"id":52,"name":"Sleek Cotton Table","description":"Dolorum numquam non omnis neque quis sunt omnis quo dolore. Quaerat debitis soluta recusandae ipsam sit amet nemo. Sint qui eum voluptatibus ea animi eum ex et. Illum necessitatibus labore quos nam enim ut enim.","price":"193.00","imageUrl":"https://source.unsplash.com/1600x900/?product","quantity":92749},{"id":53,"name":"Sleek Metal Keyboard","description":"Magni enim voluptatem velit quam saepe exercitationem sit ex. Sint enim est ipsum dolores in ea aliquam cumque. Explicabo sit quas voluptas ab autem et.","price":"950.00","imageUrl":"https://source.unsplash.com/1600x900/?product","quantity":18081},{"id":54,"name":"Unbranded Fresh Chair","description":"Inventore architecto quia incidunt. Quis in aut. Et asperiores totam animi nihil qui quo. Vero est libero eveniet ut sit tenetur blanditiis. Aut et ea nobis saepe.","price":"139.00","imageUrl":"https://source.unsplash.com/1600x900/?product","quantity":18039},{"id":55,"name":"Licensed Frozen Shoes","description":"Et rerum minus. Et labore culpa necessitatibus consequatur voluptatem eum quis. Molestias quidem ut molestiae.","price":"100.00","imageUrl":"https://source.unsplash.com/1600x900/?product","quantity":45287},{"id":56,"name":"Refined Metal Shirt","description":"Nihil et quo. Nobis nihil quo. Placeat quae voluptates cumque enim et voluptatibus unde iusto atque.","price":"510.00","imageUrl":"https://source.unsplash.com/1600x900/?product","quantity":38611},{"id":57,"name":"Licensed Steel Pizza","description":"Eum et qui voluptates minus voluptatem distinctio fugit facere id. Aut nemo laborum delectus quo sint iure aut. Magni optio sit ratione ut commodi architecto rerum pariatur. Quaerat omnis quia dicta rerum laboriosam pariatur iste laboriosam enim. Labore architecto exercitationem non.","price":"928.00","imageUrl":"https://source.unsplash.com/1600x900/?product","quantity":18161},{"id":58,"name":"Licensed Soft Towels","description":"Sit et aspernatur amet sit corporis et voluptates. Et distinctio nam et non omnis recusandae sapiente nihil nisi. Nostrum sed est. Dolorem voluptatum sit eligendi expedita blanditiis dicta.","price":"865.00","imageUrl":"https://source.unsplash.com/1600x900/?product","quantity":26185},{"id":59,"name":"Rustic Soft Salad","description":"Corrupti labore asperiores. Incidunt quibusdam deserunt laboriosam illo qui quis ullam. Quasi aliquam temporibus hic soluta assumenda amet. Quis harum aut quidem.","price":"892.00","imageUrl":"https://source.unsplash.com/1600x900/?product","quantity":48901},{"id":60,"name":"Ergonomic Wooden Ball","description":"Fugit illo nihil et dolorem. Architecto sint maxime cupiditate ipsam eius. Corrupti delectus nobis. Qui eius autem sit in ut.","price":"597.00","imageUrl":"https://source.unsplash.com/1600x900/?product","quantity":80434},{"id":61,"name":"Fantastic Cotton Mouse","description":"Pariatur quibusdam velit. Id et omnis.","price":"340.00","imageUrl":"https://source.unsplash.com/1600x900/?product","quantity":62561},{"id":62,"name":"Awesome Rubber Bike","description":"Mollitia voluptates a ab quam. Quia est placeat delectus minus ea ea perspiciatis maiores similique.","price":"846.00","imageUrl":"https://source.unsplash.com/1600x900/?product","quantity":54644},{"id":63,"name":"Unbranded Cotton Bacon","description":"Est aut quo. Debitis sit non voluptates magnam modi hic. Sit a est omnis nobis beatae sit aut. Consectetur ullam quidem nobis. Corrupti in nesciunt quae occaecati sapiente necessitatibus aut.","price":"726.00","imageUrl":"https://source.unsplash.com/1600x900/?product","quantity":58148},{"id":64,"name":"Awesome Plastic Shoes","description":"Ipsa atque dignissimos rerum. Ea ipsum enim nulla ullam expedita autem saepe sint eum. Nam praesentium voluptatem corporis sit quidem vero harum quia consequatur.","price":"82.00","imageUrl":"https://source.unsplash.com/1600x900/?product","quantity":58711},{"id":65,"name":"Generic Steel Computer","description":"Nisi unde voluptas. Eos cumque repudiandae. Eaque dolor rem.","price":"6.00","imageUrl":"https://source.unsplash.com/1600x900/?product","quantity":67310},{"id":66,"name":"Ergonomic Rubber Chips","description":"Nobis at dolorem voluptatem ipsa omnis itaque. Occaecati deleniti deleniti quos sed eligendi omnis. Nihil excepturi atque sunt aut deleniti ut illum pariatur qui. Consequatur veritatis asperiores non aut sint et eum omnis. Fugit fuga est aut voluptatem rerum sequi in ex.","price":"511.00","imageUrl":"https://source.unsplash.com/1600x900/?product","quantity":23576},{"id":67,"name":"Intelligent Metal Towels","description":"Quia aut mollitia facilis. Veniam eos et aut quo delectus dolore dignissimos. Aut sed fuga rerum.","price":"455.00","imageUrl":"https://source.unsplash.com/1600x900/?product","quantity":10850},{"id":68,"name":"Intelligent Granite Chicken","description":"Qui ea aut quis. Accusamus fugit est rerum dolorem quos voluptates consequatur. Illum voluptate accusamus reprehenderit iste esse optio. Dolorem voluptate adipisci eius.","price":"476.00","imageUrl":"https://source.unsplash.com/1600x900/?product","quantity":27853},{"id":69,"name":"Licensed Rubber Table","description":"Non expedita quasi praesentium. Magni consequatur ipsa sunt dolorem neque quisquam sint iure. Voluptas sed eveniet. Sit reprehenderit molestias. Tenetur voluptatibus nihil laborum consequuntur cupiditate.","price":"492.00","imageUrl":"https://source.unsplash.com/1600x900/?product","quantity":10725},{"id":70,"name":"Handmade Wooden Pants","description":"Voluptate magni earum et corporis quia ut omnis. Provident est ducimus explicabo tenetur incidunt. Laborum illo mollitia consequatur minima. Quia quia recusandae odit voluptatem non. Facilis architecto eligendi dignissimos eveniet molestias eligendi quas et. Rerum tempora quae.","price":"704.00","imageUrl":"https://source.unsplash.com/1600x900/?product","quantity":69719},{"id":71,"name":"Handcrafted Concrete Chair","description":"Aliquid sint eos dolorem accusamus officia tenetur nesciunt. Amet qui aut dolores omnis voluptatum dignissimos molestiae quasi. Et sunt soluta maxime sed optio molestiae veniam. Quae in id sed dicta doloremque asperiores illo eaque. Voluptas repudiandae soluta sed et molestias neque non veniam.","price":"957.00","imageUrl":"https://source.unsplash.com/1600x900/?product","quantity":91814},{"id":72,"name":"Tasty Plastic Pizza","description":"Eum dolor et quo ea veritatis quidem asperiores fuga non. Et aut consequuntur natus rerum omnis sint eius porro. Repellat pariatur temporibus. Iusto quo in quo ex. Impedit velit voluptas quia aut repellendus accusamus enim. Placeat sed consequatur.","price":"231.00","imageUrl":"https://source.unsplash.com/1600x900/?product","quantity":45502},{"id":73,"name":"Generic Soft Tuna","description":"Magnam harum ea. Rerum fuga qui et minus animi facere sint voluptates inventore. Ea unde eos repellendus. Reprehenderit dolore quod numquam corrupti esse animi. Quos ut voluptatem officia. Soluta ut quia delectus rerum animi.","price":"136.00","imageUrl":"https://source.unsplash.com/1600x900/?product","quantity":32040},{"id":74,"name":"Small Concrete Fish","description":"Voluptatem fuga sint accusantium nulla. Consectetur amet voluptatem praesentium cum omnis provident placeat. Sed rerum vel autem expedita porro quas dolor consectetur.","price":"414.00","imageUrl":"https://source.unsplash.com/1600x900/?product","quantity":69933},{"id":75,"name":"Practical Rubber Bacon","description":"Harum quis laudantium consequatur facere. Qui numquam deserunt magni quod et. Sit eaque eum dignissimos quibusdam.","price":"676.00","imageUrl":"https://source.unsplash.com/1600x900/?product","quantity":26835},{"id":76,"name":"Intelligent Plastic Soap","description":"Quas et quam vel ratione maxime aliquam maxime maxime tenetur. Officiis pariatur minima quam qui corrupti ea amet. Enim omnis consectetur dolores consequatur. Voluptatem hic at error alias sunt culpa consequuntur. Inventore velit et alias voluptatem.","price":"173.00","imageUrl":"https://source.unsplash.com/1600x900/?product","quantity":43037},{"id":77,"name":"Tasty Granite Bacon","description":"Qui provident excepturi occaecati sint error. Facilis soluta ad sapiente voluptas sint quis aut vel.","price":"549.00","imageUrl":"https://source.unsplash.com/1600x900/?product","quantity":46766},{"id":78,"name":"Handcrafted Plastic Hat","description":"Soluta laboriosam repellendus quas et perspiciatis fugit sapiente asperiores. Natus hic rerum a exercitationem. Officia eligendi velit. Quisquam rerum officia odio libero. Et expedita qui. Rerum et velit aut.","price":"529.00","imageUrl":"https://source.unsplash.com/1600x900/?product","quantity":7786},{"id":79,"name":"Gorgeous Cotton Pants","description":"Et provident asperiores repellendus provident voluptatem modi ut quis. At non enim quia aut qui. Quia nemo quia mollitia.","price":"896.00","imageUrl":"https://source.unsplash.com/1600x900/?product","quantity":60407},{"id":80,"name":"Gorgeous Plastic Mouse","description":"Veritatis vel dicta est quam fuga. Ut optio ipsam nam qui laborum exercitationem nemo quod magni. Vel unde et vel quia ea ipsum quia labore dignissimos.","price":"318.00","imageUrl":"https://source.unsplash.com/1600x900/?product","quantity":41638},{"id":81,"name":"Awesome Fresh Pizza","description":"Eum sit consequatur. Corrupti vel beatae ipsa fugiat est qui deleniti itaque quos. Ut adipisci quo quis rerum sit pariatur. Nisi unde fuga possimus praesentium qui eum tempore. Et officiis esse est laboriosam.","price":"21.00","imageUrl":"https://source.unsplash.com/1600x900/?product","quantity":39173},{"id":82,"name":"Handmade Granite Shoes","description":"Dolor necessitatibus perspiciatis molestiae est nulla similique reprehenderit. Quos et et dolorem est.","price":"905.00","imageUrl":"https://source.unsplash.com/1600x900/?product","quantity":31864},{"id":83,"name":"Generic Granite Soap","description":"Aut delectus dolor dolor. Aliquid porro sunt quasi. Corporis voluptas non aut occaecati ut. Aspernatur voluptas vitae commodi corporis voluptas enim repellat qui rem.","price":"342.00","imageUrl":"https://source.unsplash.com/1600x900/?product","quantity":41609},{"id":84,"name":"Gorgeous Fresh Car","description":"Vero facere quibusdam sequi eum adipisci architecto cupiditate quidem eum. Ipsam vel ipsam sed consequatur sunt dolorem. Vel dolore ut quia quia recusandae non. Sequi adipisci quaerat ut.","price":"641.00","imageUrl":"https://source.unsplash.com/1600x900/?product","quantity":41857},{"id":85,"name":"Practical Concrete Pants","description":"Expedita quia architecto facilis odio. Fugit libero ut labore occaecati. Voluptatem excepturi quo expedita. Ducimus velit libero quam voluptatem porro excepturi facere.","price":"318.00","imageUrl":"https://source.unsplash.com/1600x900/?product","quantity":59955},{"id":86,"name":"Intelligent Metal Soap","description":"Ea sed cumque quae omnis debitis. Illo quaerat sed quam debitis autem est qui quia. Ad aut quae. Rerum eveniet nobis distinctio dolores iusto aut ducimus ducimus expedita.","price":"262.00","imageUrl":"https://source.unsplash.com/1600x900/?product","quantity":45680},{"id":87,"name":"Small Frozen Pants","description":"Eum beatae corrupti esse nobis quisquam voluptatum exercitationem illum. Modi vel magnam veniam et quibusdam voluptatem minus.","price":"962.00","imageUrl":"https://source.unsplash.com/1600x900/?product","quantity":92164},{"id":88,"name":"Refined Fresh Chair","description":"Deserunt tenetur eveniet necessitatibus est voluptas minus. Ipsum aut dicta possimus corrupti ex aut tenetur aut qui. Impedit quo voluptas totam tempora suscipit. Ducimus omnis consequatur ea. Molestiae perferendis sed quis asperiores deserunt cupiditate.","price":"483.00","imageUrl":"https://source.unsplash.com/1600x900/?product","quantity":53157},{"id":89,"name":"Awesome Soft Chips","description":"Eos qui placeat quia. Vero alias aut.","price":"100.00","imageUrl":"https://source.unsplash.com/1600x900/?product","quantity":35281},{"id":90,"name":"Handcrafted Cotton Towels","description":"Laborum in recusandae ut saepe. Vitae nam quas aut quibusdam asperiores voluptatibus aut enim. Non optio neque rerum eum quas facilis. Labore amet voluptatibus est sint enim adipisci esse labore.","price":"919.00","imageUrl":"https://source.unsplash.com/1600x900/?product","quantity":82869},{"id":91,"name":"Tasty Cotton Chicken","description":"Id officiis at. Quidem distinctio iste doloremque nulla consequatur sed quia sint. Laudantium dolore exercitationem corrupti ullam autem ad et. Molestias fuga suscipit amet exercitationem consequatur. Ipsum assumenda nihil. Quia soluta fugit nemo.","price":"637.00","imageUrl":"https://source.unsplash.com/1600x900/?product","quantity":46424},{"id":92,"name":"Handcrafted Granite Computer","description":"Repudiandae id in quis. Dignissimos praesentium sit labore aperiam ipsum nostrum hic. Nesciunt est et voluptatem nemo a. Sed culpa et soluta velit error. Aperiam quo modi hic porro culpa fuga veritatis.","price":"871.00","imageUrl":"https://source.unsplash.com/1600x900/?product","quantity":11638},{"id":93,"name":"Intelligent Soft Soap","description":"Ut placeat quis facilis voluptate id. Et aperiam sequi ratione soluta non provident iste. Voluptatem odit laudantium quis aliquid.","price":"739.00","imageUrl":"https://source.unsplash.com/1600x900/?product","quantity":44407},{"id":94,"name":"Handcrafted Steel Fish","description":"Omnis dolores a aut temporibus sunt culpa illo distinctio voluptas. Modi qui amet nulla est quia natus nemo.","price":"347.00","imageUrl":"https://source.unsplash.com/1600x900/?product","quantity":53659},{"id":95,"name":"Unbranded Frozen Shirt","description":"Enim aspernatur et recusandae molestiae cum ad beatae in. Eos sit asperiores natus cumque deleniti dolorum. Explicabo eveniet aliquam reiciendis quia.","price":"117.00","imageUrl":"https://source.unsplash.com/1600x900/?product","quantity":11120},{"id":96,"name":"Handmade Steel Pizza","description":"Minima aliquid enim hic rerum eos id iste qui. Quisquam deserunt totam totam dignissimos sed. Consequatur dolorem accusamus et voluptas id exercitationem. Quasi eveniet non et id ex delectus laboriosam velit aliquid. Sed ad maiores cum vitae rerum et.","price":"85.00","imageUrl":"https://source.unsplash.com/1600x900/?product","quantity":14427},{"id":97,"name":"Rustic Granite Computer","description":"Nisi quisquam quia quas illum. Voluptatum necessitatibus et labore sit dolorum et. Consequatur occaecati delectus eveniet debitis aperiam accusantium mollitia architecto eligendi.","price":"305.00","imageUrl":"https://source.unsplash.com/1600x900/?product","quantity":58557},{"id":98,"name":"Intelligent Cotton Ball","description":"Dolorum blanditiis impedit molestiae. Ex rerum fugit. Ducimus qui voluptate. Est sint aut aliquid rerum fuga quam quo et et. Similique occaecati ut corporis numquam sapiente harum veritatis maxime aliquam.","price":"114.00","imageUrl":"https://source.unsplash.com/1600x900/?product","quantity":53089},{"id":99,"name":"Rustic Concrete Pants","description":"Voluptas blanditiis fugit dolores. Magnam tempore accusantium voluptas accusamus enim numquam voluptatibus. Architecto sit ea sunt nemo natus non animi aliquid dolor. Vel officia harum magni a perspiciatis. Cupiditate natus excepturi quo mollitia minus.","price":"94.00","imageUrl":"https://source.unsplash.com/1600x900/?product","quantity":87408},{"id":100,"name":"Intelligent Plastic Hat","description":"Fugit impedit cupiditate perferendis tenetur voluptates sint. Laudantium velit ea velit sint similique. Atque ipsa nulla quas.","price":"574.00","imageUrl":"https://source.unsplash.com/1600x900/?product","quantity":71538},{"id":101,"name":"Licensed Granite Tuna","description":"Consectetur aliquid dolorum. Commodi sed quis expedita error est.","price":"921.00","imageUrl":"https://source.unsplash.com/1600x900/?product","quantity":91619},{"id":102,"name":"Handcrafted Steel Sausages","description":"Ipsam corporis error et doloremque quam hic eaque vel. Placeat ullam voluptatem blanditiis ipsum nesciunt. Qui eum totam. Ipsum vel quis saepe esse in. Quod harum rem animi eos dolorem mollitia. Corrupti tempore sequi vel error molestias.","price":"899.00","imageUrl":"https://source.unsplash.com/1600x900/?product","quantity":10301},{"id":103,"name":"Tasty Metal Towels","description":"Reprehenderit magnam ab ratione quod autem quas velit. Voluptatem atque deserunt quod maxime qui. Quis aliquid incidunt nobis. Natus et ea dolor voluptas fugiat veritatis ut et consequatur.","price":"647.00","imageUrl":"https://source.unsplash.com/1600x900/?product","quantity":23901},{"id":104,"name":"Fantastic Cotton Towels","description":"Maxime eos sapiente sunt quia cum soluta. Nisi in temporibus voluptatem perferendis sed dignissimos id nihil. In vero saepe. Dolore omnis omnis perferendis corrupti ex recusandae et id.","price":"623.00","imageUrl":"https://source.unsplash.com/1600x900/?product","quantity":37752},{"id":105,"name":"Rustic Metal Cheese","description":"Et natus quasi. Qui reiciendis accusantium rerum consequuntur quisquam et eligendi ut ipsam. Non neque nihil et dicta.","price":"948.00","imageUrl":"https://source.unsplash.com/1600x900/?product","quantity":69060},{"id":106,"name":"Awesome Plastic Ball","description":"Quis commodi excepturi perferendis ipsam et. Facilis ut odit. Totam rem aspernatur ea ipsam earum. Delectus quas nesciunt modi perferendis consequatur consequuntur quos ut ipsa. Fuga dolores non debitis quisquam. Placeat impedit expedita molestias sit.","price":"48.00","imageUrl":"https://source.unsplash.com/1600x900/?product","quantity":70650},{"id":107,"name":"Small Cotton Chair","description":"Architecto occaecati molestiae quasi iusto dolor nemo debitis. Illum qui vel deleniti ducimus soluta. Fugit quos eaque at mollitia expedita. Consequatur amet vel deserunt magni. Et quia dolore perferendis neque nisi autem.","price":"617.00","imageUrl":"https://source.unsplash.com/1600x900/?product","quantity":9876},{"id":108,"name":"Handmade Wooden Computer","description":"Eos sed quaerat enim sint a nam. Sequi error et.","price":"788.00","imageUrl":"https://source.unsplash.com/1600x900/?product","quantity":79900},{"id":109,"name":"Gorgeous Frozen Salad","description":"Dignissimos sunt et nisi facilis et excepturi occaecati officiis quaerat. Id voluptatem impedit laudantium dolorum est et eius. Est nobis dolorem. Iste aut illo autem similique a animi commodi nam. Id sequi necessitatibus facere minima exercitationem. Mollitia quod repellat necessitatibus quidem sit adipisci et.","price":"492.00","imageUrl":"https://source.unsplash.com/1600x900/?product","quantity":70540},{"id":110,"name":"Fantastic Rubber Gloves","description":"Hic et quo nostrum necessitatibus. Deleniti ipsam voluptas similique illo et.","price":"230.00","imageUrl":"https://source.unsplash.com/1600x900/?product","quantity":16831},{"id":111,"name":"Rustic Frozen Car","description":"Iure qui in tempore facilis perferendis aliquid. Corrupti tempore qui tempore debitis ad quis. Aut nobis libero quo praesentium blanditiis dolor et nam. Quidem placeat qui optio dolorem.","price":"583.00","imageUrl":"https://source.unsplash.com/1600x900/?product","quantity":24262},{"id":112,"name":"Incredible Plastic Table","description":"Quis qui totam pariatur quo voluptas corrupti est. Laudantium et perferendis voluptatem nihil. Cum aliquid cumque tempora autem natus. Ipsum magni quos debitis. Blanditiis porro provident voluptatibus sit similique unde. Delectus sunt et repellendus vel dolor cum totam consequatur.","price":"176.00","imageUrl":"https://source.unsplash.com/1600x900/?product","quantity":41852},{"id":113,"name":"Small Plastic Chicken","description":"Ipsam eum et ut tempora sed qui similique. Nihil in delectus aut iure eius nihil harum ut architecto.","price":"9.00","imageUrl":"https://source.unsplash.com/1600x900/?product","quantity":32648},{"id":114,"name":"Sleek Concrete Sausages","description":"Sit voluptas incidunt voluptatem cum. Et autem perspiciatis est ratione asperiores ipsum voluptas. Quo esse vitae animi. Eum fugit molestias blanditiis. Voluptas earum consequatur et. Excepturi magni laudantium.","price":"843.00","imageUrl":"https://source.unsplash.com/1600x900/?product","quantity":26880},{"id":115,"name":"Practical Plastic Shirt","description":"Magni temporibus occaecati omnis sed aliquid quos adipisci atque placeat. Nihil minus qui accusamus. Fugit aut quia vel consequuntur maiores voluptatem. Et dolores pariatur tempore assumenda. Nobis dignissimos vel qui sint expedita aliquid qui.","price":"645.00","imageUrl":"https://source.unsplash.com/1600x900/?product","quantity":9395},{"id":116,"name":"Refined Granite Mouse","description":"Non harum neque consectetur quisquam ipsam nobis. Assumenda asperiores cupiditate voluptas enim nesciunt inventore perspiciatis. Accusantium et accusantium dolor quae fugit est ex molestias fugiat. Itaque unde ipsam eos vitae voluptatem numquam consequatur suscipit. Quod minima quo aperiam.","price":"142.00","imageUrl":"https://source.unsplash.com/1600x900/?product","quantity":22507},{"id":117,"name":"Gorgeous Cotton Towels","description":"Omnis quia voluptas nemo ratione. Sunt ut temporibus natus necessitatibus iusto et consequatur. Quam natus facere. Voluptatem porro maiores distinctio dolorem sapiente et est. Similique maxime deserunt sed iure minima.","price":"363.00","imageUrl":"https://source.unsplash.com/1600x900/?product","quantity":77198},{"id":118,"name":"Ergonomic Wooden Mouse","description":"Dolorem debitis et aliquid dolor et quam qui praesentium. Omnis animi dolorem non fuga rerum soluta dicta atque. Et dolorem distinctio a natus est ut mollitia. Soluta reiciendis maxime veniam quis omnis ut.","price":"912.00","imageUrl":"https://source.unsplash.com/1600x900/?product","quantity":92455},{"id":119,"name":"Tasty Rubber Car","description":"Neque voluptatem doloremque. Perspiciatis consequatur suscipit quae a nihil quisquam. Ex exercitationem corporis minus debitis explicabo quam illo. Quo ut magni explicabo dolores quae. Ipsam possimus quis porro fuga voluptates unde omnis animi laudantium. Accusamus ab ut adipisci est non ducimus quam error et.","price":"815.00","imageUrl":"https://source.unsplash.com/1600x900/?product","quantity":89466},{"id":120,"name":"Small Soft Pizza","description":"Quasi voluptatibus est non doloremque voluptatem pariatur est laudantium. Ducimus error cum. Laudantium ut qui cupiditate esse non. Tempora quod nemo. Modi veniam sunt dolores itaque praesentium numquam culpa. Deleniti alias eius natus et vel qui et.","price":"480.00","imageUrl":"https://source.unsplash.com/1600x900/?product","quantity":54987},{"id":121,"name":"Gorgeous Wooden Chair","description":"Qui voluptatem porro voluptate quis debitis deserunt. Et et ut odio. Velit officia dolores consequatur aut repudiandae non quo modi. Quos repudiandae error et et molestiae. Voluptates ratione nulla ut beatae sed voluptatum.","price":"486.00","imageUrl":"https://source.unsplash.com/1600x900/?product","quantity":15994},{"id":122,"name":"Awesome Cotton Tuna","description":"Omnis quod quam omnis. Nostrum alias est et sint provident et quasi quae. Sint illo doloribus velit aut aspernatur ad similique molestias et.","price":"343.00","imageUrl":"https://source.unsplash.com/1600x900/?product","quantity":52928},{"id":123,"name":"Intelligent Rubber Pants","description":"Ex maxime eum necessitatibus. A et in blanditiis ut cupiditate quis soluta sunt.","price":"243.00","imageUrl":"https://source.unsplash.com/1600x900/?product","quantity":53527},{"id":124,"name":"Rustic Cotton Shirt","description":"Officia autem vitae et placeat porro maxime qui harum. Sed eum ut. Ea est explicabo quibusdam. Eos dignissimos quia dolore inventore quidem voluptate unde rem dolores.","price":"768.00","imageUrl":"https://source.unsplash.com/1600x900/?product","quantity":30610},{"id":125,"name":"Refined Granite Tuna","description":"Non ex impedit amet ipsa dolor totam. Debitis veniam explicabo error quae labore aperiam voluptatem. Commodi eum nihil dolore exercitationem minima.","price":"381.00","imageUrl":"https://source.unsplash.com/1600x900/?product","quantity":92471},{"id":126,"name":"Tasty Rubber Chicken","description":"Aut et recusandae nemo ab corporis enim et quo illo. Tempore voluptatem sunt eius laudantium et.","price":"313.00","imageUrl":"https://source.unsplash.com/1600x900/?product","quantity":74442},{"id":127,"name":"Ergonomic Concrete Chips","description":"Nihil aliquam facilis cum minus hic inventore nulla magnam molestiae. Fugiat rerum maiores recusandae omnis error voluptas ea sunt. Dolorem quaerat distinctio dolore ad. Velit sed vel labore commodi vitae qui asperiores voluptatum consequuntur. Similique delectus illo.","price":"308.00","imageUrl":"https://source.unsplash.com/1600x900/?product","quantity":8073},{"id":128,"name":"Refined Metal Pizza","description":"Non qui voluptatum. Cupiditate facere ex. Reiciendis modi soluta perferendis laboriosam. Quam rerum incidunt rerum eos rem quas tenetur.","price":"358.00","imageUrl":"https://source.unsplash.com/1600x900/?product","quantity":72684},{"id":129,"name":"Handmade Rubber Sausages","description":"Et earum ea quia. Libero sed consequuntur soluta nam consequatur. Ipsa voluptatibus vitae.","price":"157.00","imageUrl":"https://source.unsplash.com/1600x900/?product","quantity":42377},{"id":130,"name":"Practical Granite Sausages","description":"Odit pariatur laboriosam alias ex magni blanditiis vel qui. Enim vero ipsum iste aut nisi.","price":"778.00","imageUrl":"https://source.unsplash.com/1600x900/?product","quantity":72080},{"id":131,"name":"Licensed Wooden Bike","description":"Eveniet dolorum qui non et recusandae. Occaecati nemo unde magnam tempore consequatur qui ut est recusandae. Excepturi exercitationem doloribus. Ullam qui consectetur.","price":"768.00","imageUrl":"https://source.unsplash.com/1600x900/?product","quantity":34318},{"id":132,"name":"Ergonomic Rubber Mouse","description":"Commodi unde est in qui expedita quia iste vel necessitatibus. Fugit modi necessitatibus asperiores. Ea ab voluptas fugiat et quia quia. Velit ut maxime voluptates at. Et in velit occaecati.","price":"546.00","imageUrl":"https://source.unsplash.com/1600x900/?product","quantity":88520},{"id":133,"name":"Handcrafted Granite Salad","description":"Suscipit commodi nemo nulla aut et omnis at sed est. Doloremque natus totam consectetur debitis est sint incidunt.","price":"939.00","imageUrl":"https://source.unsplash.com/1600x900/?product","quantity":60641},{"id":134,"name":"Ergonomic Cotton Pizza","description":"A ut architecto eos iure et dolor corporis aut repellat. Nobis maxime porro esse quam amet ipsam et eveniet. Voluptates facilis accusamus. Nemo aut facilis consequatur sit qui soluta numquam. Eius tempore modi sint.","price":"878.00","imageUrl":"https://source.unsplash.com/1600x900/?product","quantity":32024},{"id":135,"name":"Incredible Rubber Car","description":"Quia error rerum dicta sapiente. Vel voluptatem incidunt neque non ea. Qui enim voluptate unde et in consequatur. Ut ea reiciendis ut et dicta omnis dolores ut.","price":"218.00","imageUrl":"https://source.unsplash.com/1600x900/?product","quantity":37065},{"id":136,"name":"Awesome Metal Sausages","description":"Qui libero in tempore id voluptas. Quia qui dicta cumque neque velit pariatur dolores. Eos id autem blanditiis reprehenderit et voluptas repudiandae.","price":"663.00","imageUrl":"https://source.unsplash.com/1600x900/?product","quantity":11887},{"id":137,"name":"Sleek Rubber Cheese","description":"Eaque tempora aut. Nemo quia et enim est ad labore. Blanditiis impedit et minima neque tempora velit.","price":"440.00","imageUrl":"https://source.unsplash.com/1600x900/?product","quantity":93609},{"id":138,"name":"Sleek Frozen Mouse","description":"Omnis animi eaque aspernatur vitae natus ut quaerat. Laborum earum et. Est eius veniam et laudantium.","price":"713.00","imageUrl":"https://source.unsplash.com/1600x900/?product","quantity":71453},{"id":139,"name":"Generic Concrete Gloves","description":"Eligendi ullam et et. Numquam aut id quo necessitatibus. Omnis quasi dolorem impedit aliquid modi laborum ullam.","price":"647.00","imageUrl":"https://source.unsplash.com/1600x900/?product","quantity":84870},{"id":140,"name":"Awesome Plastic Keyboard","description":"Hic consequatur iure aliquid vel culpa labore ipsa. Ab earum debitis molestiae ipsam illo est sed corporis. Eum numquam eum dolore alias qui deserunt eligendi unde. Et rerum voluptas ipsa veniam sunt in.","price":"775.00","imageUrl":"https://source.unsplash.com/1600x900/?product","quantity":184},{"id":141,"name":"Rustic Metal Shoes","description":"Quidem explicabo aliquam hic similique corrupti. Magnam voluptate porro excepturi.","price":"426.00","imageUrl":"https://source.unsplash.com/1600x900/?product","quantity":82922},{"id":142,"name":"Incredible Frozen Mouse","description":"Nihil consequatur ut perspiciatis nihil ullam dolor. Ipsum recusandae voluptatem sit voluptatem vitae. Atque rerum quo voluptatem sunt porro atque.","price":"178.00","imageUrl":"https://source.unsplash.com/1600x900/?product","quantity":56990},{"id":143,"name":"Refined Steel Sausages","description":"Ut impedit natus sunt. Ratione vero molestias molestiae nostrum. Molestiae inventore rem labore commodi molestiae.","price":"52.00","imageUrl":"https://source.unsplash.com/1600x900/?product","quantity":18154},{"id":144,"name":"Awesome Concrete Shirt","description":"Ut voluptas inventore placeat voluptatem. Modi quia eos cum pariatur quia qui provident doloribus.","price":"595.00","imageUrl":"https://source.unsplash.com/1600x900/?product","quantity":60600},{"id":145,"name":"Handmade Soft Towels","description":"Sed voluptas consequuntur dolor consequuntur. Animi maiores qui aperiam ab sed cupiditate. Et asperiores et incidunt cumque. Nihil placeat voluptate iure dolores quo officiis. Quisquam inventore est eveniet amet quas aperiam pariatur occaecati.","price":"65.00","imageUrl":"https://source.unsplash.com/1600x900/?product","quantity":2942},{"id":146,"name":"Rustic Wooden Car","description":"Magnam aut sunt dignissimos fugiat explicabo saepe. Non explicabo voluptatem. Necessitatibus tempore ipsum voluptatem.","price":"108.00","imageUrl":"https://source.unsplash.com/1600x900/?product","quantity":95086},{"id":147,"name":"Awesome Granite Pants","description":"Magni eaque tenetur necessitatibus. Consectetur et quasi.","price":"724.00","imageUrl":"https://source.unsplash.com/1600x900/?product","quantity":67129},{"id":148,"name":"Refined Metal Table","description":"Aspernatur eum accusamus aut perferendis quia nulla natus et. Tempore sint sed qui.","price":"738.00","imageUrl":"https://source.unsplash.com/1600x900/?product","quantity":18883},{"id":149,"name":"Handmade Soft Ball","description":"Quae ipsam recusandae sint dolor vitae. Beatae at veniam magni nemo occaecati nihil non. Maxime aliquam provident voluptas facilis.","price":"281.00","imageUrl":"https://source.unsplash.com/1600x900/?product","quantity":16547},{"id":150,"name":"Awesome Frozen Chips","description":"Reprehenderit voluptatum eos. Quisquam magnam voluptatem est et est magnam repellat et provident.","price":"539.00","imageUrl":"https://source.unsplash.com/1600x900/?product","quantity":4352},{"id":151,"name":"Gorgeous Steel Pants","description":"Quos atque ut autem recusandae quo. Distinctio animi est cumque ipsa quos quod. Nihil ex ducimus dignissimos cumque iusto accusamus.","price":"154.00","imageUrl":"https://source.unsplash.com/1600x900/?product","quantity":53617},{"id":152,"name":"Rustic Concrete Soap","description":"Necessitatibus aut commodi officia autem totam et ad. Quibusdam occaecati sint et. Vel quis eveniet doloremque sapiente quo consequatur.","price":"851.00","imageUrl":"https://source.unsplash.com/1600x900/?product","quantity":68149},{"id":153,"name":"Refined Concrete Tuna","description":"Neque eius quia quae deserunt et repellendus ut soluta provident. Rerum aut provident quae iure modi a. Omnis sunt aut dignissimos unde occaecati voluptas perspiciatis. Neque dolorem dolores illo est sint.","price":"267.00","imageUrl":"https://source.unsplash.com/1600x900/?product","quantity":11192},{"id":154,"name":"Licensed Cotton Shirt","description":"Quia ea harum inventore incidunt vel dolor. Ipsam minima quis iste et natus quidem eum quo veniam. Quis quam quo harum.","price":"235.00","imageUrl":"https://source.unsplash.com/1600x900/?product","quantity":93763},{"id":155,"name":"Intelligent Rubber Shoes","description":"Et fuga quis rerum libero cum ad aut ducimus recusandae. At omnis veritatis. Dolores cumque ipsam ipsam qui ad aspernatur dolor. Nihil odit consequatur minus.","price":"646.00","imageUrl":"https://source.unsplash.com/1600x900/?product","quantity":98961},{"id":156,"name":"Handmade Rubber Pants","description":"Facere dolorem natus voluptatum et consequatur quia. Ut autem culpa est cumque fugiat.","price":"96.00","imageUrl":"https://source.unsplash.com/1600x900/?product","quantity":95447},{"id":157,"name":"Fantastic Plastic Computer","description":"Nostrum dolores aut consequatur qui dolorem porro. Placeat sunt aperiam exercitationem qui odit sunt dolorem voluptatem est. Et sit harum velit quo atque laboriosam soluta. Velit maiores minima officia dolor eum maiores aspernatur mollitia.","price":"705.00","imageUrl":"https://source.unsplash.com/1600x900/?product","quantity":14686},{"id":158,"name":"Fantastic Concrete Ball","description":"Quasi est deserunt pariatur sit officia iure tempora sequi voluptas. Quidem vero voluptates dignissimos quidem dolore autem tempore velit. Est est perferendis. Voluptates dolorum repellendus et aut iusto fuga laboriosam qui. Autem dolores sint qui est quibusdam fugit earum harum. Voluptas sed nihil.","price":"73.00","imageUrl":"https://source.unsplash.com/1600x900/?product","quantity":68677},{"id":159,"name":"Gorgeous Rubber Chair","description":"Exercitationem in in repellat veritatis ducimus. Tenetur molestiae autem quo itaque et laborum aut ut. Ex sequi fugiat optio accusantium itaque vel repudiandae quasi dolorum. Id qui reprehenderit quia quidem similique necessitatibus laboriosam.","price":"438.00","imageUrl":"https://source.unsplash.com/1600x900/?product","quantity":85312},{"id":160,"name":"Fantastic Plastic Tuna","description":"Modi rerum laudantium quia est distinctio voluptatum officia voluptatem placeat. Suscipit quidem et. Iusto doloremque quisquam magnam quo et accusantium.","price":"624.00","imageUrl":"https://source.unsplash.com/1600x900/?product","quantity":68159},{"id":161,"name":"Small Frozen Pizza","description":"Distinctio odit repellat eum sed in. Et fugiat est voluptatum et eius dolor quos. Aut aut cupiditate enim. Quisquam consequatur explicabo ut quasi inventore facere enim eos voluptatem.","price":"619.00","imageUrl":"https://source.unsplash.com/1600x900/?product","quantity":30632},{"id":162,"name":"Practical Cotton Table","description":"Odit ratione est molestias eos. Et asperiores natus nobis quis quis. Tenetur nihil accusamus dolorum aut non est sequi eius ratione. Dolorum enim et vel consectetur corrupti dolore maiores. Ex distinctio laudantium.","price":"127.00","imageUrl":"https://source.unsplash.com/1600x900/?product","quantity":44937},{"id":163,"name":"Handmade Soft Chips","description":"Ipsa quam est veniam dolorum maxime qui explicabo harum. Asperiores architecto porro sint temporibus incidunt sit qui. Consectetur quia assumenda consequatur doloremque aliquid maiores aut. Nemo eveniet maiores aperiam neque dolorem non a exercitationem. Autem exercitationem sint omnis vel aut. Impedit eveniet id tempora temporibus nihil.","price":"261.00","imageUrl":"https://source.unsplash.com/1600x900/?product","quantity":92090},{"id":164,"name":"Tasty Metal Sausages","description":"Magnam excepturi eveniet ipsa eaque explicabo laborum qui. At a assumenda quidem fugit itaque perspiciatis eligendi.","price":"63.00","imageUrl":"https://source.unsplash.com/1600x900/?product","quantity":37844},{"id":165,"name":"Ergonomic Wooden Salad","description":"Dolorum sed et sequi cumque sunt ut est qui. Cum enim autem accusamus et. Ipsam aut illum reprehenderit aspernatur. Atque provident velit quo consequatur ut.","price":"537.00","imageUrl":"https://source.unsplash.com/1600x900/?product","quantity":79828},{"id":166,"name":"Tasty Rubber Chicken","description":"Accusamus optio illo accusantium minus cum et laudantium est. Sint qui laborum.","price":"703.00","imageUrl":"https://source.unsplash.com/1600x900/?product","quantity":82277},{"id":167,"name":"Handmade Plastic Shirt","description":"Repellat repellat nisi deleniti quia suscipit. Praesentium et voluptas hic velit saepe voluptatem dolorum. Est pariatur repellat aut eaque fugiat vero modi adipisci quidem. At vel sunt. Accusantium debitis maxime praesentium neque tenetur in ea pariatur quia. Itaque eum qui nam accusantium quis.","price":"359.00","imageUrl":"https://source.unsplash.com/1600x900/?product","quantity":8357},{"id":168,"name":"Ergonomic Frozen Bacon","description":"Ut quia est et maiores dolores dolorum dolores assumenda. Totam minima eligendi culpa. Est odio sint ducimus veritatis eligendi et alias voluptas temporibus. Atque qui laudantium et numquam et nihil porro et. Dolor dolorem quia. Ut harum rerum beatae enim voluptatem.","price":"278.00","imageUrl":"https://source.unsplash.com/1600x900/?product","quantity":16562},{"id":169,"name":"Small Fresh Towels","description":"Quo suscipit est atque iure illo ipsam. Dolorem ut ratione cumque consequatur. Eos assumenda aut fugit eum error eos. Placeat debitis ut natus blanditiis exercitationem eum aut voluptatem. Et voluptatem totam sit voluptatem error non totam. Ut magnam error ducimus occaecati praesentium dolores.","price":"576.00","imageUrl":"https://source.unsplash.com/1600x900/?product","quantity":23430},{"id":170,"name":"Tasty Cotton Chair","description":"Aliquam enim saepe consequatur doloremque beatae odit repudiandae culpa. Libero incidunt accusantium sunt laboriosam et aut aperiam doloremque sit. Voluptate cum enim. Exercitationem hic non ut iure et cumque. Nihil aut impedit voluptatum rem accusamus consectetur.","price":"547.00","imageUrl":"https://source.unsplash.com/1600x900/?product","quantity":3767},{"id":171,"name":"Gorgeous Rubber Shoes","description":"Sit voluptas sed dolore quisquam. Nobis rem assumenda nam necessitatibus quod adipisci provident. Aliquid veritatis non non est ut repellendus. Est aut numquam ratione ut. A delectus qui aperiam eveniet blanditiis ut tempora esse laborum.","price":"415.00","imageUrl":"https://source.unsplash.com/1600x900/?product","quantity":93810},{"id":172,"name":"Handcrafted Metal Shoes","description":"Expedita voluptate atque omnis consequuntur voluptas iste repudiandae. Voluptatibus ratione odit in dignissimos voluptatum aut est. Ea doloribus assumenda rerum exercitationem eos occaecati voluptas.","price":"385.00","imageUrl":"https://source.unsplash.com/1600x900/?product","quantity":41112},{"id":173,"name":"Gorgeous Wooden Shirt","description":"Illum nemo dicta inventore. Fugit minima quis quia. Hic voluptas voluptatem repudiandae praesentium quia quam non dolores. Quo minus quas occaecati aliquam possimus necessitatibus. Dolor nam ipsum hic.","price":"254.00","imageUrl":"https://source.unsplash.com/1600x900/?product","quantity":98284},{"id":174,"name":"Rustic Granite Pants","description":"Deserunt sint suscipit enim. Rerum repellendus dolores. Est autem et sed eos qui ad quas aspernatur rem. Et dolore quo omnis. Qui sed sed ad sit quis illum possimus rerum.","price":"580.00","imageUrl":"https://source.unsplash.com/1600x900/?product","quantity":11212},{"id":175,"name":"Licensed Wooden Chicken","description":"Quas modi et aut officiis hic. Est quam cum magni veritatis tempore. Quia incidunt ipsum ab laboriosam ut. Earum error qui neque veniam.","price":"509.00","imageUrl":"https://source.unsplash.com/1600x900/?product","quantity":73426},{"id":176,"name":"Licensed Cotton Chips","description":"Asperiores omnis aut ullam nihil quaerat ratione. Et voluptas accusamus minima dicta repudiandae. Perferendis consectetur rerum dolore quo provident quia officiis accusantium qui. Consectetur necessitatibus at laborum voluptas ab facilis esse aut eos.","price":"927.00","imageUrl":"https://source.unsplash.com/1600x900/?product","quantity":18817},{"id":177,"name":"Refined Metal Car","description":"Molestiae possimus officia. Consequatur tempora doloremque qui qui. Qui sed culpa eaque temporibus rerum. Cum voluptas dignissimos repellendus. Ut voluptas quo ab qui. Delectus delectus officia tempora.","price":"607.00","imageUrl":"https://source.unsplash.com/1600x900/?product","quantity":30538},{"id":178,"name":"Rustic Steel Pants","description":"Et eum qui dignissimos veniam et ad molestiae. Animi ex minima natus aut. Pariatur sint ea fugiat explicabo. Aut optio velit. Nisi est minima aliquam eum earum tempore. Explicabo perferendis itaque fuga.","price":"3.00","imageUrl":"https://source.unsplash.com/1600x900/?product","quantity":75261},{"id":179,"name":"Ergonomic Cotton Pizza","description":"Dolor laboriosam quae ullam dicta. Earum harum non ut eligendi quisquam quod.","price":"859.00","imageUrl":"https://source.unsplash.com/1600x900/?product","quantity":52385},{"id":180,"name":"Ergonomic Granite Chips","description":"Velit velit ex. Molestias sequi sequi quibusdam adipisci est et.","price":"190.00","imageUrl":"https://source.unsplash.com/1600x900/?product","quantity":49088},{"id":181,"name":"Fantastic Wooden Computer","description":"Qui quidem explicabo qui. Aliquam ut quae earum neque perspiciatis sit numquam aspernatur placeat. Dolores molestiae quia voluptatem voluptatem repellendus debitis illum soluta error.","price":"702.00","imageUrl":"https://source.unsplash.com/1600x900/?product","quantity":59468},{"id":182,"name":"Gorgeous Fresh Table","description":"Quia qui tempora occaecati et tempora. Nihil ea atque id. Voluptate iure optio maiores optio non. Voluptates laboriosam nihil consequatur facere sit recusandae recusandae tempore. Voluptatem aut atque quas sed ut voluptatum sequi.","price":"116.00","imageUrl":"https://source.unsplash.com/1600x900/?product","quantity":98316},{"id":183,"name":"Handmade Frozen Chips","description":"Et corrupti voluptatem mollitia libero et sapiente optio. Nobis aut quos quo. Enim enim officia. Quia fuga qui ut facilis. Nisi occaecati et non amet beatae beatae aut.","price":"205.00","imageUrl":"https://source.unsplash.com/1600x900/?product","quantity":85331},{"id":184,"name":"Intelligent Frozen Pizza","description":"Aut aliquam qui ducimus quia nam enim. Et ut qui vel ratione est distinctio est. Non numquam dolores doloremque voluptatum et sunt aliquam necessitatibus. Expedita consequatur vero dolor culpa rem.","price":"674.00","imageUrl":"https://source.unsplash.com/1600x900/?product","quantity":8150},{"id":185,"name":"Practical Granite Chair","description":"Consequatur hic placeat et sit impedit odio sunt facere. Similique vitae est ducimus explicabo. Sapiente molestiae ducimus et sit. Odio eius minus facilis sed. Qui qui natus occaecati velit.","price":"748.00","imageUrl":"https://source.unsplash.com/1600x900/?product","quantity":83486},{"id":186,"name":"Tasty Rubber Shoes","description":"Nemo repudiandae ea doloremque et eveniet error ex rem praesentium. Cumque ut non minus rerum fuga vero voluptatem. Id velit ut quo exercitationem. Ex perspiciatis magnam eos hic. Ratione ut facilis rerum molestias temporibus.","price":"288.00","imageUrl":"https://source.unsplash.com/1600x900/?product","quantity":84980},{"id":187,"name":"Generic Frozen Cheese","description":"Qui ipsum quae repellat repellat corporis possimus blanditiis earum. Dolor harum consequatur eius. Facilis perspiciatis fugiat commodi. Dolores suscipit rerum aut ea vel ab voluptatem pariatur.","price":"318.00","imageUrl":"https://source.unsplash.com/1600x900/?product","quantity":24012},{"id":188,"name":"Gorgeous Cotton Bacon","description":"Totam quia assumenda. Aut et expedita sint cupiditate sint atque quas necessitatibus non.","price":"638.00","imageUrl":"https://source.unsplash.com/1600x900/?product","quantity":50644},{"id":189,"name":"Generic Cotton Chips","description":"Ea qui rem repellendus. Aut autem sint minus harum asperiores reiciendis architecto.","price":"160.00","imageUrl":"https://source.unsplash.com/1600x900/?product","quantity":6855},{"id":190,"name":"Unbranded Metal Car","description":"Eius in est officiis eos. Nam et deleniti et ea quam vero expedita.","price":"518.00","imageUrl":"https://source.unsplash.com/1600x900/?product","quantity":41187},{"id":191,"name":"Awesome Fresh Fish","description":"Dolorem provident aut aperiam repellat sunt sit et enim. Voluptatem et qui voluptatem voluptatem iusto quisquam. Libero animi quia aut quia quas amet recusandae non. Eos eos deleniti est ea quia alias voluptas est tenetur. Aut ab et autem dignissimos voluptatem minima nemo et.","price":"635.00","imageUrl":"https://source.unsplash.com/1600x900/?product","quantity":51958},{"id":192,"name":"Refined Wooden Chips","description":"Ipsum cum quia iusto vel corrupti at id. Doloremque non ut in quo sit. Quae est fuga rerum consequuntur sapiente et ab est ratione. Est repellat eveniet labore et qui qui. Voluptatem necessitatibus dolores voluptate nihil. Ullam atque et velit asperiores reprehenderit quidem tenetur.","price":"566.00","imageUrl":"https://source.unsplash.com/1600x900/?product","quantity":16083},{"id":193,"name":"Tasty Frozen Tuna","description":"Voluptas unde corporis excepturi quod sit sint maiores nobis consequuntur. Necessitatibus amet laborum. Impedit quibusdam et consequatur. Aperiam magnam iste molestiae. Et esse modi est consequatur. Quis tenetur sint voluptatum.","price":"322.00","imageUrl":"https://source.unsplash.com/1600x900/?product","quantity":55701},{"id":194,"name":"Sleek Metal Sausages","description":"Dolorum hic et. Perspiciatis eum cupiditate facere nemo rerum dolorem. Et et sunt aut sed dolore nemo ipsam quia. Aspernatur accusantium aut illo porro aliquid dolores ducimus qui.","price":"844.00","imageUrl":"https://source.unsplash.com/1600x900/?product","quantity":25224},{"id":195,"name":"Handcrafted Granite Hat","description":"Maxime corporis repudiandae laboriosam. Et minima sed dolorem nesciunt iusto qui. Facilis sed similique aut.","price":"394.00","imageUrl":"https://source.unsplash.com/1600x900/?product","quantity":94171},{"id":196,"name":"Tasty Plastic Shirt","description":"Dolor voluptate quae soluta voluptatem assumenda hic. Facere nobis et aperiam a qui earum in ut excepturi. Esse doloribus omnis. Praesentium nihil praesentium pariatur architecto mollitia sint maiores. Ut aspernatur voluptates sed. Nobis nesciunt ipsam veritatis recusandae.","price":"890.00","imageUrl":"https://source.unsplash.com/1600x900/?product","quantity":32134},{"id":197,"name":"Sleek Rubber Fish","description":"Voluptatem aspernatur amet laboriosam qui omnis voluptatem aliquam. Quidem porro aut laboriosam odit. In architecto voluptatem earum et ullam odit corrupti architecto. Non aut est architecto quia voluptate est beatae quae. Adipisci iste eum. Omnis ad fuga eaque et vel.","price":"509.00","imageUrl":"https://source.unsplash.com/1600x900/?product","quantity":95461},{"id":198,"name":"Ergonomic Cotton Salad","description":"Voluptas sit consequatur eaque rem expedita. Quia non est ratione voluptatem hic dignissimos quasi aut. Sint molestiae occaecati repellendus quis et ipsam voluptate. Exercitationem atque ut accusantium fuga molestiae est et quo sit.","price":"118.00","imageUrl":"https://source.unsplash.com/1600x900/?product","quantity":43564},{"id":199,"name":"Fantastic Cotton Table","description":"Ducimus ut quod neque velit. Vel qui incidunt excepturi minus beatae et animi. Quia officia tempore quia modi cumque deserunt error odio. Perspiciatis enim numquam. Soluta tenetur qui dignissimos non consequuntur possimus consequatur expedita quis. Rem ut culpa quo quae eveniet autem velit.","price":"782.00","imageUrl":"https://source.unsplash.com/1600x900/?product","quantity":33500},{"id":200,"name":"Rustic Concrete Keyboard","description":"Voluptates cum quia unde porro. Labore mollitia dolorem et sed. Harum quo dolorem aut possimus vel ipsam ratione qui. Non voluptatem dolores rerum consectetur velit temporibus est cumque. Quia aut modi nihil et est. In sed maiores.","price":"25.00","imageUrl":"https://source.unsplash.com/1600x900/?product","quantity":42878},{"id":201,"name":"Licensed Metal Car","description":"Illum architecto dolor ut itaque temporibus eligendi est dolorem. Velit temporibus qui ullam quidem quae assumenda est ducimus. Sint ipsam dignissimos unde. Cupiditate in sit qui neque distinctio ut corporis. Debitis aperiam est. A cupiditate cum ab ipsam ratione reiciendis.","price":"284.00","imageUrl":"https://source.unsplash.com/1600x900/?product","quantity":67086},{"id":202,"name":"Unbranded Cotton Sausages","description":"Esse enim cumque voluptate voluptate. Quaerat qui voluptatem quibusdam fugiat molestiae eaque. Et deserunt iure ullam aut et. Molestias occaecati quidem iure sunt est tempore. Sint eum quas maiores.","price":"197.00","imageUrl":"https://source.unsplash.com/1600x900/?product","quantity":86768},{"id":203,"name":"Small Frozen Pants","description":"Sequi eius nemo ad nihil nam non. Repellat similique sequi quisquam dolorem.","price":"892.00","imageUrl":"https://source.unsplash.com/1600x900/?product","quantity":32567},{"id":204,"name":"Awesome Rubber Bacon","description":"Et vel omnis vitae ex atque qui. Ut qui ratione quis provident unde.","price":"387.00","imageUrl":"https://source.unsplash.com/1600x900/?product","quantity":35737},{"id":205,"name":"Handcrafted Frozen Chips","description":"Est ut laboriosam quia odio. Id officia expedita voluptas saepe nihil perspiciatis animi consectetur rem.","price":"890.00","imageUrl":"https://source.unsplash.com/1600x900/?product","quantity":12814},{"id":206,"name":"Fantastic Metal Bacon","description":"Voluptatem enim rerum. Ut quisquam quia aliquid ducimus. Sed magni neque repudiandae laudantium quos. Enim architecto nesciunt repellendus qui sequi odio voluptate aut eveniet. Architecto dolorum officiis et.","price":"848.00","imageUrl":"https://source.unsplash.com/1600x900/?product","quantity":15905},{"id":207,"name":"Generic Metal Chicken","description":"Sequi nam molestiae et doloremque. Ut sequi quaerat magnam in.","price":"27.00","imageUrl":"https://source.unsplash.com/1600x900/?product","quantity":2897},{"id":208,"name":"Small Plastic Table","description":"Est et reprehenderit labore. In error adipisci quibusdam ab molestiae in. Consequatur aut minima. Placeat nemo recusandae unde. Occaecati repellat ratione et dolorem.","price":"354.00","imageUrl":"https://source.unsplash.com/1600x900/?product","quantity":74697},{"id":209,"name":"Ergonomic Fresh Fish","description":"In et inventore sint iste quia. Quas aspernatur tempora aut omnis ut eum et voluptatem illum. Nisi animi rem. Voluptatem et molestias totam eaque ullam qui et. Fugit et dignissimos quo in beatae voluptas. Facere eveniet sequi beatae inventore doloremque perspiciatis rem.","price":"38.00","imageUrl":"https://source.unsplash.com/1600x900/?product","quantity":89037},{"id":210,"name":"Awesome Cotton Computer","description":"Cupiditate porro dicta velit. Inventore et aliquid voluptatem. Alias consectetur aut. Nesciunt eveniet dignissimos facere ut quis ut sed tenetur ut. Magnam quos corrupti non molestiae id nihil ex.","price":"467.00","imageUrl":"https://source.unsplash.com/1600x900/?product","quantity":90637},{"id":211,"name":"Gorgeous Plastic Sausages","description":"Est earum labore error vero quia voluptatem et iure veniam. Tenetur sint voluptate animi blanditiis. Quia dignissimos nobis. Amet numquam labore quae. Aliquam nisi dolorum.","price":"943.00","imageUrl":"https://source.unsplash.com/1600x900/?product","quantity":78920},{"id":212,"name":"Practical Soft Computer","description":"Sapiente quo eveniet pariatur molestiae sit. Qui consequatur quia ratione ut alias rerum doloremque sit voluptatibus. Ad delectus est dolorem beatae est deleniti cumque possimus explicabo.","price":"567.00","imageUrl":"https://source.unsplash.com/1600x900/?product","quantity":51176},{"id":213,"name":"Tasty Granite Car","description":"Libero eos et sit dolorum ut. Sed nisi dolorum deleniti accusantium sint laborum minus aut. Sunt reprehenderit ducimus id qui eaque vel cupiditate laborum ullam. Quia nisi sit esse ut vitae sit voluptatem est. Occaecati libero aut amet sed debitis. Velit ex earum excepturi quia earum in.","price":"392.00","imageUrl":"https://source.unsplash.com/1600x900/?product","quantity":79574},{"id":214,"name":"Generic Concrete Chicken","description":"Consequatur sapiente quisquam libero dolorum molestiae laudantium. Voluptates consequatur cupiditate ipsum magnam ipsa voluptatibus ratione odio.","price":"392.00","imageUrl":"https://source.unsplash.com/1600x900/?product","quantity":67421},{"id":215,"name":"Handmade Granite Bacon","description":"Occaecati ullam cum qui est. Facilis error aliquam est.","price":"242.00","imageUrl":"https://source.unsplash.com/1600x900/?product","quantity":1038},{"id":216,"name":"Ergonomic Steel Chicken","description":"Assumenda aut blanditiis odit non. Odit aut cupiditate quo itaque.","price":"939.00","imageUrl":"https://source.unsplash.com/1600x900/?product","quantity":90495},{"id":217,"name":"Small Frozen Computer","description":"Et iste nihil et praesentium qui nam. Exercitationem officia et eaque soluta eveniet eum vero maxime alias.","price":"256.00","imageUrl":"https://source.unsplash.com/1600x900/?product","quantity":80346},{"id":218,"name":"Rustic Cotton Gloves","description":"Qui quo voluptatem quis quasi et a qui. Voluptatem maxime dignissimos nemo. Voluptatibus et et repellendus praesentium. Labore ea a neque dolor quos. Nisi rerum dolorem doloribus aut sed ratione labore.","price":"319.00","imageUrl":"https://source.unsplash.com/1600x900/?product","quantity":16541},{"id":219,"name":"Gorgeous Steel Fish","description":"Repellendus perspiciatis voluptas accusamus pariatur nisi temporibus cupiditate quia est. Aut et qui suscipit.","price":"821.00","imageUrl":"https://source.unsplash.com/1600x900/?product","quantity":21784},{"id":220,"name":"Sleek Granite Chair","description":"Suscipit non eaque magnam autem. Quia recusandae velit. Molestiae iusto eveniet praesentium tenetur odit. Non nihil ea.","price":"131.00","imageUrl":"https://source.unsplash.com/1600x900/?product","quantity":5816},{"id":221,"name":"Handcrafted Frozen Ball","description":"Nemo consequatur aut sequi occaecati fugit impedit ab. Eaque ratione perferendis a et quis aliquid nihil voluptates harum. Ut animi deleniti natus perspiciatis nisi. Perspiciatis nulla aspernatur modi aliquid.","price":"427.00","imageUrl":"https://source.unsplash.com/1600x900/?product","quantity":10831},{"id":222,"name":"Tasty Soft Salad","description":"Perspiciatis velit omnis dicta dolore enim sed modi. In ut a esse. Et non possimus sapiente quaerat est.","price":"44.00","imageUrl":"https://source.unsplash.com/1600x900/?product","quantity":94365},{"id":223,"name":"Handcrafted Wooden Towels","description":"Sit illum molestiae nihil voluptas assumenda aut. Aut id corrupti atque voluptate officiis dolore unde.","price":"494.00","imageUrl":"https://source.unsplash.com/1600x900/?product","quantity":37356},{"id":224,"name":"Awesome Granite Gloves","description":"Tenetur voluptatibus voluptatem non rerum sed dolor soluta quia. Fuga eum quos earum. Ducimus corrupti quia ut commodi. Soluta neque aspernatur. Qui voluptate quia et omnis reiciendis. Sint praesentium nihil quo minima commodi.","price":"73.00","imageUrl":"https://source.unsplash.com/1600x900/?product","quantity":11127},{"id":225,"name":"Handcrafted Wooden Pants","description":"Repellat asperiores nostrum deserunt porro est quia. Eos quos commodi sequi quia et et qui voluptas placeat. Natus aspernatur cupiditate qui commodi in.","price":"571.00","imageUrl":"https://source.unsplash.com/1600x900/?product","quantity":27646},{"id":226,"name":"Generic Soft Hat","description":"Ad nesciunt rerum molestiae numquam sed porro et. Ea vel quia molestiae. Voluptas tempora fugit. Quo libero esse eius enim sed modi soluta. Est aperiam nostrum molestiae id.","price":"218.00","imageUrl":"https://source.unsplash.com/1600x900/?product","quantity":94081},{"id":227,"name":"Incredible Concrete Shoes","description":"Non ex occaecati omnis nesciunt iure placeat qui. Quaerat totam nihil impedit. Eos commodi sunt dicta nemo dolore. Minima possimus delectus consequatur quia quae voluptatem quia recusandae repellendus.","price":"567.00","imageUrl":"https://source.unsplash.com/1600x900/?product","quantity":37905},{"id":228,"name":"Handcrafted Concrete Bacon","description":"Vel expedita enim et ut molestiae. Expedita aut enim totam. Suscipit quia qui. Earum architecto aut sit. Saepe similique incidunt itaque dolores qui omnis non quos magnam. Sed est delectus aliquam vel.","price":"426.00","imageUrl":"https://source.unsplash.com/1600x900/?product","quantity":75733},{"id":229,"name":"Handcrafted Concrete Mouse","description":"Omnis laborum debitis quibusdam quo aut voluptas. Et aperiam ducimus. Esse itaque incidunt. Sed et occaecati id nisi maiores et et modi consequatur. Eaque qui et velit ad praesentium.","price":"444.00","imageUrl":"https://source.unsplash.com/1600x900/?product","quantity":3383},{"id":230,"name":"Sleek Fresh Pants","description":"Iste facere dolorem qui quis et. Occaecati aut quae dicta aut eos. Laudantium inventore praesentium.","price":"347.00","imageUrl":"https://source.unsplash.com/1600x900/?product","quantity":28888},{"id":231,"name":"Generic Cotton Chicken","description":"Velit earum tempora quidem laboriosam sunt. Voluptatum aut temporibus in unde quo recusandae quo ex. Quis vero rem porro ut nihil ut. Quasi nostrum optio sit non est minima dolorem quo ea. Veritatis corrupti optio mollitia sapiente culpa quo cumque. Quia cum enim in.","price":"451.00","imageUrl":"https://source.unsplash.com/1600x900/?product","quantity":40503},{"id":232,"name":"Refined Steel Car","description":"Eius quas asperiores voluptas et. Natus labore tempora aliquam autem nihil dignissimos. Ut rerum dolorem est sed. Non autem veritatis ut illo alias aliquam labore maxime voluptas. Omnis dicta voluptates. Ut in nam a laboriosam ad consequuntur ipsam ipsam quos.","price":"644.00","imageUrl":"https://source.unsplash.com/1600x900/?product","quantity":69885},{"id":233,"name":"Generic Concrete Keyboard","description":"Sint qui autem est earum recusandae voluptas. Qui dolorem aperiam pariatur libero aut provident qui iusto.","price":"439.00","imageUrl":"https://source.unsplash.com/1600x900/?product","quantity":89284},{"id":234,"name":"Small Wooden Chicken","description":"Adipisci ex aut. Ut autem est minima in reiciendis nulla sit.","price":"941.00","imageUrl":"https://source.unsplash.com/1600x900/?product","quantity":44729},{"id":235,"name":"Gorgeous Metal Shoes","description":"Pariatur veniam tenetur necessitatibus esse eos quaerat reprehenderit ex. At consequuntur minima omnis. Reprehenderit quia magni. Id perferendis et ea officia et dolores pariatur qui dicta. Voluptas dolorem vel ut facere ea accusantium fugit aperiam. Excepturi veritatis sed laudantium voluptatum autem aut sed voluptatem et.","price":"145.00","imageUrl":"https://source.unsplash.com/1600x900/?product","quantity":94584},{"id":236,"name":"Handmade Frozen Bike","description":"Occaecati quod voluptatum ducimus voluptatem. Quidem temporibus porro sed ea. Itaque repudiandae quaerat.","price":"380.00","imageUrl":"https://source.unsplash.com/1600x900/?product","quantity":26630},{"id":237,"name":"Fantastic Rubber Computer","description":"Iusto velit velit sit modi sed. Dolorem rerum corrupti maiores nostrum modi recusandae quia molestiae illo. Enim eos cupiditate officiis quae et autem doloribus. Qui culpa voluptates sunt iusto eos.","price":"308.00","imageUrl":"https://source.unsplash.com/1600x900/?product","quantity":99588},{"id":238,"name":"Refined Metal Car","description":"Et tempore rem. Deserunt doloribus fugit praesentium. Quo consequatur odio assumenda. Labore animi expedita minima. Perspiciatis doloremque est.","price":"285.00","imageUrl":"https://source.unsplash.com/1600x900/?product","quantity":13508},{"id":239,"name":"Fantastic Rubber Chair","description":"Minima incidunt soluta doloribus occaecati rem vitae. Voluptates ea vel. Impedit nam consequatur non et est eum et.","price":"765.00","imageUrl":"https://source.unsplash.com/1600x900/?product","quantity":19826},{"id":240,"name":"Gorgeous Steel Sausages","description":"Ut consectetur doloribus sed alias in laborum rem. Tempore deleniti aut voluptatem.","price":"669.00","imageUrl":"https://source.unsplash.com/1600x900/?product","quantity":64127},{"id":241,"name":"Practical Steel Sausages","description":"Molestiae voluptatibus illum asperiores maxime est. Maxime reiciendis soluta quo cumque. Qui ipsum quis debitis dolor quod qui repudiandae et. Sit aperiam voluptates est. Quisquam maiores incidunt atque ut non in.","price":"356.00","imageUrl":"https://source.unsplash.com/1600x900/?product","quantity":12256},{"id":242,"name":"Practical Rubber Computer","description":"Non aspernatur sunt enim eos et. Voluptatem odit hic officia adipisci labore. Dolorem incidunt amet corporis id.","price":"928.00","imageUrl":"https://source.unsplash.com/1600x900/?product","quantity":57992},{"id":243,"name":"Rustic Metal Gloves","description":"Doloremque dignissimos ea illo aut sequi tempora. Ex sit quo eum. Fuga necessitatibus itaque non eos qui. Iusto natus numquam dolores velit.","price":"833.00","imageUrl":"https://source.unsplash.com/1600x900/?product","quantity":86122},{"id":244,"name":"Tasty Concrete Mouse","description":"Ipsum neque quia vero est animi et ut illo veritatis. Magni iste qui beatae ullam et rem. Tempora placeat sunt. Optio nobis rem aut ipsam aut. Ut impedit aut soluta quia ipsum.","price":"531.00","imageUrl":"https://source.unsplash.com/1600x900/?product","quantity":18244},{"id":245,"name":"Tasty Concrete Salad","description":"Adipisci non consequatur voluptatum sunt eos consequatur ut. Ea nihil dolores. Fugit dolor iure sed labore. Iusto laborum quasi tempore.","price":"818.00","imageUrl":"https://source.unsplash.com/1600x900/?product","quantity":82326},{"id":246,"name":"Small Metal Mouse","description":"Perferendis perferendis commodi. Rerum dignissimos quibusdam officia fugit rerum. Qui omnis aliquid laboriosam in deserunt non nam blanditiis.","price":"297.00","imageUrl":"https://source.unsplash.com/1600x900/?product","quantity":31721},{"id":247,"name":"Small Granite Hat","description":"Ex ullam numquam aliquid eos. Molestias nesciunt enim facilis dolorem sit et in. Sapiente distinctio occaecati molestiae incidunt eius.","price":"183.00","imageUrl":"https://source.unsplash.com/1600x900/?product","quantity":46836},{"id":248,"name":"Handmade Steel Keyboard","description":"Fugiat sequi laborum nostrum cupiditate ducimus quia et et est. Maxime non et ut doloribus. Omnis similique ipsum autem. Molestiae id iure beatae corrupti voluptatum libero voluptas. Omnis dolore non rem dolorum. Reprehenderit aliquam omnis eum quaerat harum.","price":"451.00","imageUrl":"https://source.unsplash.com/1600x900/?product","quantity":40826},{"id":249,"name":"Intelligent Granite Sausages","description":"Labore et velit quaerat facilis distinctio in sit. Incidunt sed sed atque et sed nulla sit aut iusto. Dolorem occaecati ex. Placeat maiores suscipit quia omnis suscipit sunt reprehenderit. Nam non accusantium maiores incidunt harum quia qui consectetur quasi. Omnis voluptate omnis aut qui.","price":"824.00","imageUrl":"https://source.unsplash.com/1600x900/?product","quantity":42071},{"id":250,"name":"Tasty Soft Salad","description":"Officiis sed doloribus autem ad qui ut et. Ratione autem amet et molestias a. Earum minima ad fugiat laboriosam. Minus libero sit.","price":"297.00","imageUrl":"https://source.unsplash.com/1600x900/?product","quantity":44141},{"id":251,"name":"Generic Wooden Salad","description":"Molestiae ullam aspernatur nostrum nemo. Voluptas ea non consequatur. Minus enim eveniet illo fugiat velit esse totam non. Possimus sed eum doloribus suscipit aspernatur id cumque laborum. Mollitia et itaque a et doloremque. In aut sed unde aspernatur.","price":"503.00","imageUrl":"https://source.unsplash.com/1600x900/?product","quantity":14937},{"id":252,"name":"Handcrafted Soft Soap","description":"Sunt dolore veniam ut. Harum ab aliquam qui. Consequatur aperiam unde et dolorem est aut in. Doloribus quisquam quis quod cum eligendi eaque praesentium. Autem impedit vel.","price":"988.00","imageUrl":"https://source.unsplash.com/1600x900/?product","quantity":86326},{"id":253,"name":"Gorgeous Cotton Fish","description":"Aliquam odio cumque dolorem eligendi. Fugit ducimus non similique. Cumque corporis facilis in dolorem. Quidem quasi corporis. Quia delectus sed voluptatem consequatur hic dolorum eius et ut.","price":"978.00","imageUrl":"https://source.unsplash.com/1600x900/?product","quantity":12524},{"id":254,"name":"Incredible Soft Shoes","description":"Expedita perspiciatis vero velit nisi. Sed cumque vitae rerum veniam corrupti autem. Culpa et quos voluptas officiis provident dignissimos. Sed cum sit placeat autem ex nulla at inventore. Quo deleniti dolorem ducimus culpa voluptates dolorem libero.","price":"996.00","imageUrl":"https://source.unsplash.com/1600x900/?product","quantity":74820},{"id":255,"name":"Tasty Wooden Car","description":"Earum expedita deserunt sint cupiditate incidunt qui illo cumque dolores. Non rem velit unde dolore et eum illo excepturi non. Nostrum delectus unde ab. Velit omnis dolor suscipit qui est ut.","price":"324.00","imageUrl":"https://source.unsplash.com/1600x900/?product","quantity":46843},{"id":256,"name":"Refined Steel Mouse","description":"Reiciendis eligendi quam consequatur dolorem consequatur labore. Ut aut in sint impedit in. Consectetur reprehenderit nesciunt consequatur natus. Quia doloremque omnis ipsa qui veniam quis. Odio enim aliquid architecto ipsa dolore incidunt.","price":"591.00","imageUrl":"https://source.unsplash.com/1600x900/?product","quantity":82798},{"id":257,"name":"Gorgeous Metal Pizza","description":"Iusto et nesciunt totam omnis. Molestiae placeat repudiandae nam ex qui qui iure molestias ut.","price":"769.00","imageUrl":"https://source.unsplash.com/1600x900/?product","quantity":98870},{"id":258,"name":"Practical Metal Towels","description":"Pariatur qui consequatur suscipit eum. Rerum et blanditiis facere labore.","price":"746.00","imageUrl":"https://source.unsplash.com/1600x900/?product","quantity":79864},{"id":259,"name":"Fantastic Plastic Salad","description":"Velit asperiores quidem est ut nulla hic placeat veniam in. Rerum qui perferendis dolor eum veniam animi. Magnam quis in. Eos error voluptatibus dolorum incidunt et.","price":"325.00","imageUrl":"https://source.unsplash.com/1600x900/?product","quantity":30742},{"id":260,"name":"Licensed Frozen Gloves","description":"Sint quaerat et natus et et saepe error nesciunt. Aut repudiandae sapiente nulla autem sed eius expedita autem eum. Tenetur quia a.","price":"456.00","imageUrl":"https://source.unsplash.com/1600x900/?product","quantity":49135},{"id":261,"name":"Sleek Plastic Mouse","description":"Praesentium dolorum cumque reprehenderit. Minus ipsam ea voluptatum itaque at. Aliquam dolore quod quos sapiente. Velit dolorum facere cumque facere ullam sapiente velit. Harum nulla ea numquam. Eligendi dolorem et officiis iusto in asperiores ut perspiciatis.","price":"298.00","imageUrl":"https://source.unsplash.com/1600x900/?product","quantity":92319},{"id":262,"name":"Rustic Soft Computer","description":"Et et est. Sunt itaque consequatur rerum quis quasi porro nesciunt rem aliquam.","price":"403.00","imageUrl":"https://source.unsplash.com/1600x900/?product","quantity":15220},{"id":263,"name":"Fantastic Cotton Pants","description":"Qui voluptatem assumenda ut quia. Eos voluptates asperiores debitis officiis aut.","price":"809.00","imageUrl":"https://source.unsplash.com/1600x900/?product","quantity":24620},{"id":264,"name":"Gorgeous Concrete Keyboard","description":"Et necessitatibus praesentium cupiditate fugiat. Ut omnis odio et. Cupiditate quia et veniam voluptatem eum vitae est illum. Aut non eum omnis occaecati eos odio dolores quis. Vel dolorem culpa earum aliquam neque possimus.","price":"86.00","imageUrl":"https://source.unsplash.com/1600x900/?product","quantity":78026},{"id":265,"name":"Refined Concrete Sausages","description":"Eligendi vitae cupiditate dignissimos odio qui nihil. Delectus natus eveniet non laudantium aut et. Aliquam nihil et nisi. Tenetur maxime ut aut omnis. Dicta sed vel. Molestiae et nam.","price":"514.00","imageUrl":"https://source.unsplash.com/1600x900/?product","quantity":49004},{"id":266,"name":"Licensed Steel Shirt","description":"Vel nisi excepturi enim. Vero quas vitae voluptate voluptas unde. Rerum optio non sit molestiae sit. Enim rerum id consequatur itaque aspernatur dolores quia dolores est. Omnis soluta incidunt neque ex.","price":"463.00","imageUrl":"https://source.unsplash.com/1600x900/?product","quantity":86288},{"id":267,"name":"Unbranded Soft Salad","description":"Blanditiis voluptate minima pariatur maxime numquam voluptatem dolorum. Inventore qui et. Quaerat magni sed harum dolor dolore ut non.","price":"377.00","imageUrl":"https://source.unsplash.com/1600x900/?product","quantity":24347},{"id":268,"name":"Handcrafted Metal Shirt","description":"Eius quia totam placeat impedit reprehenderit. Repellendus recusandae doloremque deserunt esse et ducimus possimus. Doloremque eligendi nobis ullam vitae. Odio consectetur natus voluptas esse. Dolorem maiores nemo voluptatibus non rerum autem autem. Dolor non quasi sunt sed optio modi incidunt odio vel.","price":"170.00","imageUrl":"https://source.unsplash.com/1600x900/?product","quantity":25813},{"id":269,"name":"Refined Wooden Fish","description":"Laboriosam quo soluta. Vero assumenda excepturi nihil. Perferendis aut qui omnis voluptatibus vitae qui doloribus. Quod atque repudiandae aspernatur autem porro fugiat. Quia animi sint tenetur vitae neque repudiandae dicta occaecati rem. Commodi consequatur iusto.","price":"108.00","imageUrl":"https://source.unsplash.com/1600x900/?product","quantity":60433},{"id":270,"name":"Rustic Wooden Chair","description":"Expedita eius vel ullam deserunt facilis. Quisquam fugit perferendis. Est nemo minima consequatur id. Vero ullam eveniet consequuntur esse.","price":"973.00","imageUrl":"https://source.unsplash.com/1600x900/?product","quantity":3077},{"id":271,"name":"Awesome Concrete Tuna","description":"Vel ut et molestiae dolorem consequatur doloremque et. Et aspernatur eos in autem quia quia. Esse sunt maxime consequatur velit sit reiciendis atque. Dolor corporis enim impedit tempora. Veniam consequatur sit sit suscipit quaerat minus eveniet nostrum.","price":"715.00","imageUrl":"https://source.unsplash.com/1600x900/?product","quantity":14885},{"id":272,"name":"Tasty Cotton Keyboard","description":"Quos animi sunt earum qui nostrum a et. Doloremque est et aperiam exercitationem eaque earum. Omnis sunt tempore. Nihil optio eius in architecto asperiores.","price":"968.00","imageUrl":"https://source.unsplash.com/1600x900/?product","quantity":44026},{"id":273,"name":"Gorgeous Frozen Pants","description":"Ea est et dignissimos. Et repellendus praesentium. Ratione et voluptatum est omnis est. Enim ratione et et impedit modi.","price":"599.00","imageUrl":"https://source.unsplash.com/1600x900/?product","quantity":90618},{"id":274,"name":"Handmade Cotton Ball","description":"Est distinctio doloribus illo tempore. Consequatur dignissimos ut et. Sunt ullam dolor perferendis nesciunt est vel dolores. Aut rerum soluta. Et est dolores minus unde omnis soluta dolor vitae. Magni dolorem recusandae nulla quia soluta expedita ratione vero adipisci.","price":"721.00","imageUrl":"https://source.unsplash.com/1600x900/?product","quantity":33682},{"id":275,"name":"Rustic Metal Car","description":"Qui sed rem quisquam. Perferendis exercitationem qui quis dolor qui voluptas. Eveniet ea nostrum voluptatem eos quia ea. Expedita eius consequatur cupiditate facere sint aut quia odio.","price":"385.00","imageUrl":"https://source.unsplash.com/1600x900/?product","quantity":74779},{"id":276,"name":"Gorgeous Steel Sausages","description":"Voluptate similique autem quaerat et fugiat ut aperiam ut. Eaque eos dolores omnis sint ducimus repellat deserunt quia. Asperiores eum doloribus adipisci vero accusantium temporibus. Occaecati eum ratione. Sequi corporis molestiae.","price":"821.00","imageUrl":"https://source.unsplash.com/1600x900/?product","quantity":45594},{"id":277,"name":"Handcrafted Wooden Bacon","description":"Ullam qui deserunt neque enim quo accusantium. Et deserunt ipsum quibusdam aut et. Est assumenda pariatur ipsa quibusdam ut velit blanditiis unde quae.","price":"510.00","imageUrl":"https://source.unsplash.com/1600x900/?product","quantity":33570},{"id":278,"name":"Tasty Granite Fish","description":"Ut nam delectus itaque optio. Unde et cumque nihil. Totam ratione placeat voluptate.","price":"375.00","imageUrl":"https://source.unsplash.com/1600x900/?product","quantity":29791},{"id":279,"name":"Small Granite Car","description":"Est libero laboriosam rerum earum dolore occaecati harum consequatur. Libero officiis dolorem laborum voluptatem maxime maiores sed sed reprehenderit. Quas sint dolores aspernatur voluptatibus dolorum. Ratione fuga est nemo similique ratione.","price":"672.00","imageUrl":"https://source.unsplash.com/1600x900/?product","quantity":96282},{"id":280,"name":"Unbranded Concrete Shoes","description":"Non officiis delectus maiores officiis. Molestias molestiae nam voluptas est dolore tempora reiciendis sit eum. Commodi autem temporibus aliquam saepe perspiciatis alias nobis. Exercitationem cupiditate debitis et atque pariatur ipsa similique et nobis.","price":"903.00","imageUrl":"https://source.unsplash.com/1600x900/?product","quantity":78228},{"id":281,"name":"Generic Cotton Pants","description":"Neque porro rerum at. Qui est consequatur id inventore aperiam quia. Molestias ad culpa repudiandae quasi laborum consequatur et natus. Culpa nesciunt sit labore nam aut consequatur necessitatibus. Placeat accusamus omnis veniam eos architecto sed ea. Est modi voluptatem tenetur.","price":"365.00","imageUrl":"https://source.unsplash.com/1600x900/?product","quantity":73204},{"id":282,"name":"Refined Fresh Cheese","description":"Ut est est nihil ea est. Hic placeat qui consequatur. Rem facilis suscipit et voluptas earum aut. Qui quis necessitatibus qui ut deleniti earum dicta amet aperiam. Et amet sint.","price":"887.00","imageUrl":"https://source.unsplash.com/1600x900/?product","quantity":42842},{"id":283,"name":"Practical Metal Chicken","description":"Dolor aut pariatur mollitia sit est velit ut voluptatem. Dolore provident quasi enim molestiae deleniti magni ut. Magnam dolores et eius harum praesentium unde. Ut corrupti facilis.","price":"83.00","imageUrl":"https://source.unsplash.com/1600x900/?product","quantity":2126},{"id":284,"name":"Handcrafted Concrete Hat","description":"Fugiat modi tempore ad laudantium debitis dolorum quaerat numquam. Consequuntur omnis aspernatur nostrum. Quasi aut non porro cumque alias debitis voluptates aliquid iusto.","price":"561.00","imageUrl":"https://source.unsplash.com/1600x900/?product","quantity":54767},{"id":285,"name":"Fantastic Cotton Keyboard","description":"Quis qui et eligendi. Fugit debitis soluta dolores. Delectus et ex ea facere.","price":"207.00","imageUrl":"https://source.unsplash.com/1600x900/?product","quantity":88611},{"id":286,"name":"Handmade Rubber Pizza","description":"Minus omnis quia ipsam soluta est ut error voluptatum voluptatem. Omnis facilis sed recusandae quia qui ea a saepe iusto. Non porro fuga sint distinctio. Ea sed id ducimus soluta ipsum.","price":"972.00","imageUrl":"https://source.unsplash.com/1600x900/?product","quantity":90868},{"id":287,"name":"Handmade Steel Chips","description":"Possimus et ipsa. Ea doloribus dolorem eius eligendi iste. Impedit aut ducimus. Tenetur id nostrum nihil occaecati deserunt magnam quis. Corrupti modi corporis libero sed.","price":"530.00","imageUrl":"https://source.unsplash.com/1600x900/?product","quantity":74533},{"id":288,"name":"Incredible Soft Pants","description":"Tenetur sit sapiente modi aperiam quas. Ut sed enim aut et debitis ut. Odio labore dolor.","price":"541.00","imageUrl":"https://source.unsplash.com/1600x900/?product","quantity":19887},{"id":289,"name":"Unbranded Granite Pizza","description":"Asperiores neque nobis. Consequatur ullam quidem libero sit provident.","price":"13.00","imageUrl":"https://source.unsplash.com/1600x900/?product","quantity":16227},{"id":290,"name":"Tasty Soft Car","description":"Et nesciunt aut excepturi libero. Sed in necessitatibus est fuga tenetur a sequi et in. Sequi officiis similique. Voluptates ipsam nostrum.","price":"197.00","imageUrl":"https://source.unsplash.com/1600x900/?product","quantity":42337},{"id":291,"name":"Handmade Fresh Shoes","description":"Impedit praesentium qui adipisci delectus magni vero eum atque. Quia eum est consectetur sed ipsum officiis modi vel. Ea consequuntur quod. Ab et odit.","price":"906.00","imageUrl":"https://source.unsplash.com/1600x900/?product","quantity":79749},{"id":292,"name":"Tasty Plastic Bike","description":"Autem qui quae reiciendis ut. At necessitatibus mollitia deleniti. Reprehenderit fugiat qui. Accusamus sit accusamus voluptas fuga quis. Officiis commodi ut. Omnis vitae repellat accusamus sunt repudiandae sunt qui quos molestiae.","price":"999.00","imageUrl":"https://source.unsplash.com/1600x900/?product","quantity":30042},{"id":293,"name":"Gorgeous Soft Mouse","description":"Quisquam officiis consequuntur. Ut veritatis quos rem in quis quia ipsum. Quisquam eaque vel temporibus vero.","price":"32.00","imageUrl":"https://source.unsplash.com/1600x900/?product","quantity":8503},{"id":294,"name":"Sleek Fresh Towels","description":"Velit qui id provident explicabo. Magnam ratione tempore pariatur dignissimos placeat aperiam eligendi. Possimus iusto tempora illo nostrum corporis veritatis quasi repellat voluptates. Fugit eos inventore omnis minima ea voluptatem accusamus. In amet nobis. Nobis et consequatur.","price":"465.00","imageUrl":"https://source.unsplash.com/1600x900/?product","quantity":3487},{"id":295,"name":"Rustic Granite Sausages","description":"Est doloribus animi iste consectetur. Amet molestias qui omnis deserunt vitae qui occaecati. Aut facilis assumenda autem et quia ea ad quos excepturi.","price":"132.00","imageUrl":"https://source.unsplash.com/1600x900/?product","quantity":42239},{"id":296,"name":"Handmade Plastic Sausages","description":"Voluptatibus sed eius delectus aut in nisi ut voluptas. Neque minus ab hic. Sint sit repellendus. Ut qui est. Ducimus cumque et. Est enim assumenda qui.","price":"265.00","imageUrl":"https://source.unsplash.com/1600x900/?product","quantity":67153},{"id":297,"name":"Rustic Concrete Chips","description":"Ea labore est reiciendis vero officiis laborum fugiat sunt. Voluptatem voluptas nisi sequi deserunt non pariatur ut.","price":"841.00","imageUrl":"https://source.unsplash.com/1600x900/?product","quantity":6475},{"id":298,"name":"Unbranded Frozen Chicken","description":"Quia sequi est voluptatem aut nihil sed est delectus. Sapiente eum velit ut ipsam sint autem aut suscipit et. Tempora voluptatem laudantium. Et ducimus ut incidunt culpa quasi fugit ullam rerum.","price":"95.00","imageUrl":"https://source.unsplash.com/1600x900/?product","quantity":39193},{"id":299,"name":"Gorgeous Frozen Mouse","description":"Animi nihil et consectetur aspernatur vel. Laborum recusandae perferendis et tempore hic veniam ut et harum. Delectus non et id eaque. Minima id sunt autem quia debitis.","price":"174.00","imageUrl":"https://source.unsplash.com/1600x900/?product","quantity":42404},{"id":300,"name":"Intelligent Metal Bacon","description":"Occaecati labore et ut amet est quo quia excepturi. Voluptas in dolores. Rerum consequuntur suscipit quas corporis. Ut rem omnis et quae accusamus quos voluptatum.","price":"689.00","imageUrl":"https://source.unsplash.com/1600x900/?product","quantity":93910}]}
